hairpin_name,chromosome,mir_start,mir_end,strand,ucsc_id,gene_name,refseq,tx_start,tx_end,hairpin_seq,dotbracket,fe,intron_length,class,status,mature5p_seq,mature3p_seq,mirtron,5p,3p,
hsa-miR-877,chr6,30584332,30584417,+,uc003nql.4,ABCF1,NM_001025091,30571375,30591532,GUAGAGGAGAUGGCGCAGGGGACACGGGCAAAGACUUGGGGGUUCCUGGGACCCUCAGACGUGUGUCCUCUUCUCCCUCCUCCCAG,...((((((..((...((((((((((.........(((((((((.....)))))))))...))))))))))...))))))))....,-35.8,86,mirtron,known,GUAGAGGAGAUGGCGCAGGG,UCCUCUUCUCCCUCCUCCCAG,18,194,12,224
hsa-miR-1178,chr12,119713634,119713724,-,uc001txi.3,CIT,NM_007174,119685790,119877288,GGGUCCAGGGUCAGCUGAGCAUGCCCUCAGGUUGCUCACUGUUCUUCCCUAG,(((...((((.(((.((((((.(((....)))))))))))))))).)))...,-20.6,548,5p,reclass,CAGGGUCAGCUGAGCAUG,UUGCUCACUGUUCUUCCCUAG,,,,
hsa-miR-1224,chr3,184241405,184241489,+,uc011bra.3,VWA5B2,NM_138345,184230428,184242329,GUGAGGACUCGGGAGGUGGAGGGUGGUGCCGCCGGGGCCGGGCGCUGUUUCAGCUCGCUUCUCCCCCCACCUCCUCUCUCCUCAG,.((((((...(((((((((.(((.((.((..(((....)))..((((...))))..)).)).))).)))))))))...)))))).,-45,85,mirtron,known,GUGAGGACUCGGGAGGUGG,CCCCACCUCCUCUCUCCUCAG,49,15,160,
hsa-miR-1226,chr3,47849555,47849629,+,uc003cru.4,DHX30,NM_138615,47802927,47850193,GUGAGGGCAUGCAGGCCUGGAUGGGGCAGCUGGGAUGGUCCAAAAGGGUGGCCUCACCAGCCCUGUGUUCCCUAG,...((((.(((((((.((((.((((((.(((.((.....)).....))).)))))))))).))))))).))))..,-36.9,75,mirtron,known,GUGAGGGCAUGCAGGCCUGGAUGGGG,UCACCAGCCCUGUGUUCCCUAG,,,,
hsa-miR-1227,chr19,2234062,2234149,-,uc002lvf.2,PLEKHJ1,NM_018049,2233152,2237704,GUGGGGCCAGGCGGUGGUGGGCACUGCUGGGGUGGGCACAGCAGCCAUGCAGAGCGGGCAUUUGACCCCGUGCCACCCUUUUCCCCAG,.(((((..(((.((((((((((((((((...((((((......))).)))..))))).....)).)))...)))))))))..))))).,-36.7,88,mirtron,known,GUGGGGCCAGGCGGUGG,CGUGCCACCCUUUUCCCCAG,,,,
hsa-miR-1228,chr12,57194504,57194576,+,uc001snd.4,LRP1,NM_002332,57128498,57213351,GUGGGCGGGGGCAGGUGUGUGGUGGGUGGUGGCCUGCGGUGAGCAGGGCCCUCACACCUGCCUCGCCCCCCAG,..((((.((((((((((((....((((.....(((((.....))))))))).)))))))))))))))).....,-46,73,mirtron,known,GUGGGCGGGGGCAGGUGUGUG,UCACACCUGCCUCGCCCCCC,,,,
hsa-miR-1229,chr5,179798278,179798346,-,uc003mks.4,MGAT4B,NM_014275,179797596,179806934,GUGGGUAGGGUUUGGGGGAGAGCGUGGGCUGGGGUUCAGGGACACCCUCUCACCACUGCCCUCCCACAG,(((((.(((((.(((..(((((.(((..(((.....)))...))).))))).)))..))))))))))..,-36,69,mirtron,known,GUGGGUAGGGUUUGGGGGAGAGCG,CUCUCACCACUGCCCUCCCACAG,,,,
hsa-miR-1233,chr15,34382069,34382150,-,uc001zii.4,GOLGA8A,NM_181077,34381410,34389756,GUGAGUGGGAGGCCAGGGCACGGCAGGGGGAGCUGCAGGGCUAUGGGAGGGGCCCCAGCGUCUGAGCCCUGUCCUCCCGCAG,....((((((((.((((((....((((....((((..(((((........))))))))).)))).)))))).))))))))..,-46.5,82,mirtron,known,AGUGGGAGGCCAGGGCACGGCA,UGAGCCCUGUCCUCCCGCAG,,,,
hsa-miR-1236,chr6,31956839,31956940,-,uc003nyk.4,NELFE,NM_002904,31952086,31959110,GUGAGUGACAGGGGAAAUGGGGAUGGACUGGAAGUGGGCAGCAUGGAGCUGACCUUCAUCAUGGCUUGGCCAACAUAAUGCCUCUUCCCCUUGUCUCUCCAG,..(((.((((((((((..((.(((((.........(((((((.....)))).)))))))).((((...))))........))..))))))).))).)))...,-37.9,102,mirtron,known,UGAGUGACAGGGGAAAUGGGGA,CCUCUUCCCCUUGUCUCUCCAG,,,,
hsa-miR-1237,chr11,64368602,64368703,+,uc001oae.4,RPS6KA4,NM_003942,64359170,64372215,UGUCCCGGGGGCGGGGCCGAAGCGCGGCGACCGUAACUCCUUCUGCUCCGUCCCCCAG,......(((((((((((.((((.((((...)))).....)))).)))))))))))...,-30.5,102,5p,known,CGGGGGCGGGGCCGAAGCGCG,UCCUUCUGCUCCGUCCCCCAG,,,,
hsa-miR-1238,chr19,10552122,10552204,+,uc002mov.5,ATG4D,NM_032885,10543917,10553418,GUGAGUGGGAGCCCCAGUGUGUGGUUGGGGCCAUGGCGGGUGGGCAGCCCAGCCUCUGAGCCUUCCUCGUCUGUCUGCCCCAG,.....((((.((..(((((...((...((((((.(((((((.....)))).)))..)).)))).)).)).)))...)))))).,-30.9,83,mirtron,known,GUGAGUGGGAGCCCCAGUGUGUG,CUUCCUCGUCUGUCUGCCCC,,,,
hsa-miR-1292,chr20,2652777,2652842,+,uc002wgh.4,NOP56,NM_006392,2652144,2658393,UGCCCUGGGAACGGGUUCCGGCAGACGCUGAGGUUGCGUUGACGCUCGCGCCCCGGCUCCCGUUCCAG,.......((((((((..((((....(((.((((((.....))).))))))..))))..))))))))..,-32.2,178,5p,known,UGGGAACGGGUUCCGGCAGACGCUG,UCGCGCCCCGGCUCCCGUUC,,,,
hsa-miR-1909,chr19,1816159,1816238,-,uc002lua.5,REXO1,NM_020695,1815245,1848463,GUGAGUGCCGGUGCCUGCCCUGGGGCCGUCCCUGCGCAGGGGCCGGGUGCUCACCGCAUC,(((((..(((((.(((((...(((.....)))...))))).))).))..)))))......,-35,70,3p,reclass,UGAGUGCCGGUGCCUGCCCUG,CGCAGGGGCCGGGUGCUCACCG,,,,
hsa-miR-3064,chr17,64500774,64500839,-,uc002jek.3,DDX5,NM_004396,64499615,64506521,UUUGGUCUGGCUGUUGUGGUGUGCAAAACUCCGUACAUUGCUAUUUUGCCACACUGCAACACCUUACAG,....((..((.(((((..((((((((((...((.....))...)))))).))))..)))))))..))..,-23.6,1236,5p,reclass,UCUGGCUGUUGUGGUGUGCAA,UUGCCACACUGCAACACCUUACA,,,,
hsa-miR-3605,chr1,33332393,33332492,-,uc001bxg.2,PHC2,NM_198040,33323625,33375593,AUUGUGAUGAGGAUGGAUAGCAAGGAAGCCGCUCCCACCUGACCCUCACGGCCUCCGUGUUACCUGUCCUCUAG,........((((((((.(((((.(((.((((.................)))).))).))))).))))))))...,-26.63,1685,5p,known,UGAGGAUGGAUAGCAAGGAAGCC,CCUCCGUGUUACCUGUCCUCUAG,,,,
hsa-miR-3606,chr2,188995630,188995692,+,uc002uqj.2,COL3A1,NM_000090,188974319,189012746,CUAGGUUAGUGAAGGCUAUUUUAAUUUUUUUAAAAUUUCUUUCACUACUUAG,(((((.(((((((((..(((((((.....)))))))..)))))))))))))),-18.6,592,5p,known,UUAGUGAAGGCUAUUUUAAUU,AAAAUUUCUUUCACUACUUAG,,,,
hsa-miR-3620,chr1,228097263,228097341,+,uc001hrs.3,ARF1,NM_001658,228082659,228099212,AGGGAGUGGGCUGGGCUGGGCUGGGCCAAGGUACAAGGCCUCACCCUGCAUCCCGCACCCAG,.(((.(((((....((.(((..(((((.........)))))..))).))..))))).)))..,-31.9,79,5p,known,GUGGGCUGGGCUGGGCUGGGCC,UCACCCUGCAUCCCGCACCCAG,,,,
hsa-miR-3940,chr19,6416410,6416511,-,uc002mer.5,KHSRP,NM_003685,6413347,6424794,GUGGGUUGGGGCGGGCUCUGGGGAUUUGGUCUCACAGCCCGGAUCCCAGCCCACUUACC,(((((((((((((((((.(((((......))))).))))))..))))))))))).....,-37,82,3p,known,GUGGGUUGGGGCGGGCUCUG,CAGCCCGGAUCCCAGCCCACUU,,,,
hsa-miR-4632,chr1,12191713,12191773,+,uc001att.4,TNFRSF1B,NM_001066,12167002,12209228,CUGGGAGGGCAGCGUGGGUGUGGCGGAGGCAGGCGUGACCGUUUGCCGCCCUCUCGCUGCUCUAG,.....(((((((((.(((.((((((((((((....)).)).)))))))).))).)))))))))..,-34.8,688,5p,reclass,GAGGGCAGCGUGGGUGUGGCGGA,UGCCGCCCUCUCGCUGCUCUAG,,,,
hsa-miR-4639,chr6,16141556,16141624,+,uc003nbq.4,MYLIP,NM_013262,16129124,16146881,UGAAAUUGCUAAGUAGGCUGAGAUUGAUGUCAGGUUAUCCCCAAGCAUAACCUCACUCUCACCUUGCUUUGCAG,......(((.(((((((.(((((.(((.....((((((........))))))))).))))).))))))).))).,-23.6,10877,5p,reclass,UUGCUAAGUAGGCUGAGAUUGA,UCACUCUCACCUUGCUUUGC,,,,
hsa-miR-4640,chr6,30890883,30890972,+,uc010jse.4,DDR1,NM_001297652,30882612,30899840,UGGGCUGGGCCAGGGAGCAGCUGGUGGGUGGGAAGUAAGAUCUGACCUGGACUCCAUCCCACCCACCCCCUGUUUCCUGGCCCACAG,.....(((((((((((((((..(((((((((((....((.(((.....)))))...)))))))))))..)))))))))))))))...,-55.4,1542,5p,reclass,UGGGCCAGGGAGCAGCUGGUGGG,CACCCCCUGUUUCCUGGCCCAC,,,,
hsa-miR-4646,chr6,31701029,31701091,-,uc003nvy.3,ABHD16A,NM_021160,31686948,31703444,GGCUGAACUGGGAAGAGGAGCUGAGGGACAUUGCGGAGAGGGUCUCACAUUGUCCCUCUCCCUUCCCAG,.......((((((((.(((...((((((((.((..(((.....))).)).))))))))))))))))))),-36.3,245,5p,reclass,ACUGGGAAGAGGAGCUGAGGGA,AUUGUCCCUCUCCCUUCCCAG,,,,
hsa-miR-4649,chr7,44110849,44110912,+,uc003tkb.5,AEBP1,NM_001129,44104360,44114560,UUGUCUGGGCGAGGGGUGGGCUCUCAGAGGGGCUGGCAGUACUGCUCUGAGGCCUGCCUCUCCCCAG,....(((((.((((((..(((.(((((((.((.........)).))))))))))..))))))))))),-43.4,103,5p,known,UGGGCGAGGGGUGGGCUCUCAGAG,UCUGAGGCCUGCCUCUCCCCA,,,,
hsa-miR-4667,chr9,35608094,35608159,+,uc064swy.1,TESK1,NM_006285,35605304,35610032,UUCUGACUGGGGAGCAGAAGGAGAACCCAAGAAAAGCUGACUUGGAGGUCCCUCCUUCUGUCCCCACAG,..(((..((((((.(((((((((.(((((((.........)))))..))..)))))))))))))))))),-31.2,148,5p,known,ACUGGGGAGCAGAAGGAGAACC,UCCCUCCUUCUGUCCCCACAG,,,,
hsa-miR-4685,chr10,98431292,98431360,-,uc057vhe.1,HPS1,NM_000195,98416198,98446947,ACUAGCCCAGGGCUUGGAGUGGGGCAAGGUUGUUGGUGAUAUGGCUUCCUCUCCCUUCCUGCCCUGGCUAG,.((((.(((((((..(((..((((..(((..((((......))))..)))..))))))).))))))))))),-34,2648,5p,reclass,CCCAGGGCUUGGAGUGGGGCAAGGUU,UCUCCCUUCCUGCCCUGGCUAG,,,,
hsa-miR-4690,chr11,65636310,65636369,+,uc001oey.3,PCNXL3,NM_032223,65615772,65637439,GAGCAGGCGAGGCUGGGCUGAACCCGUGGGUGAGGAGUGCAGCCCAGCUGAGGCCUCUGC,...((.((((..((((((((((.((((........)).)).))))))))))...)))))),-31.9,83,3p,reclass,GAGCAGGCGAGGCUGGGCUGAA,GCAGCCCAGCUGAGGCCUCUG,,,,
hsa-miR-4701,chr12,48771975,48772037,-,uc001rsh.5,ADCY6,NM_015270,48766328,48784129,AAGCCUUGGCCACCACACCUACCCCUUGUGAAUGUCGGGCAAUGGGUGAUGGGUGUGGUGUCCACAG,......(((.((((((((((((((.((((.........)))).))))...)))))))))).)))...,-29.7,321,5p,known,UUGGCCACCACACCUACCCCUU,AUGGGUGAUGGGUGUGGUGU,,,,
hsa-miR-4722,chr16,88716278,88716337,-,uc010vpb.3,PIEZO1,NM_001142864,88715345,88785211,GGGCAGGAGGGCUGUGCCAGGUUGGCUGGGCCAGGCCUGACCUGCCAGCACCUCCCUGCAG,..((((((((((((.((.(((((((((......)))).))))))))))).))))).)))..,-35.6,83,5p,reclass,GGCAGGAGGGCUGUGCCAGGUUG,ACCUGCCAGCACCUCCCUGCAG,,,,
hsa-miR-4723,chr17,28360654,28360734,+,uc002hba.4,TMEM199,NM_152464,28357580,28363683,GUUGGUGGGGGAGCCAUGAGAUAAGAGCACCUCCUAGAGAAUGUUGAACUAAAGGUGCCCUCUCUGGCUCCUCCCCAAAG,.((((.((((((((((.(((...((.((((((..(((...........))).)))))).)))))))))))))))))))..,-38.5,163,5p,known,UGGGGGAGCCAUGAGAUAAGAGCA,CCCUCUCUGGCUCCUCCCCAAA,,,,
hsa-miR-4726,chr17,38719691,38719748,+,uc002hqi.5,MLLT6,NM_005937,38705541,38729803,GGAGAAGGGCCAGAGGAGCCUGGAGUGGUCGGGUCGACUGAACCCAGGUUCCCUCUGGCCGCAG,.......((((((((((((((((.(((((((...)))))..))))))))))).)))))))....,-37.5,166,5p,reclass,AGGGCCAGAGGAGCCUGGAGUGG,ACCCAGGUUCCCUCUGGCCGCA,,,,
hsa-miR-4728,chr17,39726495,39726561,+,uc002hso.4,ERBB2,NM_004448,39700079,39728662,GGGAGUGGGAGGGGAGAGGCAGCAAGCACACAGGGCCUGGGACUAGCAUGCUGACCUCCCUCCUGCCCCAG,(((.(((((((((...((((((((.((...(((...)))......)).))))).)))))))))))))))..,-35.5,708,5p,known,UGGGAGGGGAGAGGCAGCAAGCA,CAUGCUGACCUCCCUCCUGCCCCAG,,,,
hsa-miR-4742,chr1,224398227,224398311,-,uc001hop.4,WDR26,NM_025160,224385142,224434299,UUUCAUCAGGCAAAGGGAUAUUUACAGAUACUUUUUAAAAUUUGUUUGAGUUGAGGCAGAUUAAAUAUCUGUAUUCUCCUUUGCCUGCAG,......((((((((((((....((((((((.(((....(((((((((......)))))))))))))))))))).)).))))))))))...,-31.2,288,5p,known,UCAGGCAAAGGGAUAUUUACAGA,UCUGUAUUCUCCUUUGCCUGCAG,,,,
hsa-miR-4743,chr18,48670600,48670668,+,uc002ldc.4,CTIF,NM_014772,48539045,48863217,CCUGCUGGCCGGAUGGGACAGGAGGCAUGAAUGAGCCAUCUUUCCAAUGCCUUUCUGUCUUUUCUGGUCCAG,....(((((((((..((((((((((((((((.((....)).)))..))))))).))))))..))))).)))),-34.5,6117,5p,known,UGGCCGGAUGGGACAGGAGGCAU,UUUCUGUCUUUUCUGGUCCAG,,,,
hsa-miR-4745,chr19,804940,805001,+,uc002lpr.3,PTBP1,NM_031991,797424,812312,GUGAGUGGGGCUCCCGGGACGGCGCCCGCCCUGGCCCUGGCCCGGCGACGUCUCACGGUCCC,....((((((((((((((.(((.(((......))).))).))))).)).)))))))......,-31,73,3p,reclass,UGAGUGGGGCUCCCGGGACGGCG,UGGCCCGGCGACGUCUCACGGUC,,,,
hsa-miR-4747,chr19,4932687,4932740,+,uc060rzz.1,UHRF1,NM_001290050,4903079,4962154,CAUUGAGGGAAGGAGGCUUGGUCUUAGCACGGGGUCUAAGGCCCGGGCUUUCCUCCCAG,......((((.((((((((((((((((.((...)))))))))).)))))))).))))..,-27.7,1864,5p,reclass,AGGGAAGGAGGCUUGGUCUUAG,AAGGCCCGGGCUUUCCUCCCAG,,,,
hsa-miR-4749,chr19,49854591,49854651,+,uc002pqf.2,PTOV1,NM_017432,49851158,49860733,GUCCCUGCGGGGACAGGCCAGGGCAUCUAGGCUGUGCACAGUGACGCCCCUCCUGCCCCCACAG,....(((.((((.((((...((((.((...((((....)))))).))))..)))).)))).))),-30.2,108,5p,reclass,UGCGGGGACAGGCCAGGGCAUC,CGCCCCUCCUGCCCCCACAG,,,,
hsa-miR-4750,chr19,49888175,49888230,+,uc002pqo.4,TBC1D17,NM_024682,49877424,49888744,GGGCGCUCGGGCGGAGGUGGUUGAGUGCCGACUGGCGCCUGACCCACCCCCUCCCGCAG,.....((((((.((.(((((((..(((((....)))))..)))).))).)).)))).)),-29.2,396,5p,known,CUCGGGCGGAGGUGGUUGAGUG,CCUGACCCACCCCCUCCCGCAG,,,,
hsa-miR-4758,chr20,62332487,62332557,-,uc002ycq.5,LAMA5,NM_005560,62309064,62367312,GUGAGUGGGAGCCGGUGGGGCUGGAGUAAGGGCACGCCCGGGGCUGCCCCACCUGCUGACCACCCUCC,....((((.(((.((((((((...(((..(((....)))...))))))))))).)))..)))).....,-36.5,76,3p,reclass,GUGAGUGGGAGCCGGUGGGGCUG,UGCCCCACCUGCUGACCACCCUC,,,,
hsa-miR-5004,chr6,33438331,33438437,+,uc011dri.3,SYNGAP1,NM_006772,33420069,33457541,GUUAGUGAGGACAGGGCAAAUUCACGAGAUUGGGUUGUGCAGAGGCUGACACUUGGAUUUUCCUGGGCCUCAG,.....(((((.(((((.(((((((.......((((((.((....)))))).))))))))))))))..))))).,-21.01,127,5p,known,UGAGGACAGGGCAAAUUCACGA,CUUGGAUUUUCCUGGGCCUCAG,,,,
hsa-miR-5006,chr13,41568286,41568395,-,uc001uyj.4,VWA8,NM_015058,41566837,41961084,GUGGUUUGCCAGGGCAGGAGGUGGAAGGGAGCCCCAUUUACAGUGGUAACUUCCUUUCCCUUUCCAUCCUGGCAG,......((((((((..(((((.(((((((((..((((.....))))....))))))))))))))..)))))))).,-35.3,2162,5p,novel,UUGCCAGGGCAGGAGGUGGAA,UUUCCCUUUCCAUCCUGGCAG,,,,
hsa-miR-5010,chr17,42514188,42514307,+,uc002hzs.4,ATP6V0A1,NM_001130020,42458879,42522582,AGAGCAGGGGGAUGGCAGAGCAAAAUUCAUGGCCUACAGCUGCCUCUUGCCAAACUGCACUGGAUUUUGUGUCUCCCAUUCCCCAG,......(((((((((.(((((((((((((.(((........)))...(((......))).)))))))))).))).)))))))))..,-34.3,310,5p,novel,AGGGGGAUGGCAGAGCAAAAUU,UUUUGUGUCUCCCAUUCCCCAG,,,,
hsa-miR-5088,chr19,49682117,49682195,+,uc002ppe.4,PRMT1,NM_198318,49677151,49688447,CCCAUCAGGGCUCAGGGAUUGGAUGGAGGUGAUGGGGGCAGGGGAUGGGUCUCACCCUCCCUUCUUCCUGGGCCCUCAG,......((((((((((((..(((.(((((.....(((((.........)))))..))))).)))))))))))))))...,-35.4,130,5p,novel,CAGGGCUCAGGGAUUGGAUGGAGG,UCCCUUCUUCCUGGGCCCUCA,,,,
hsa-miR-5187,chr1,161227186,161227261,+,uc001fzd.5,TOMM40L,NM_032174,161226002,161230607,AAGGGUGGGAUGAGGGAUUGAAGUGGAGCAGGAAUGCGCUUUUCUCCACUGAAUCCUCUUUUCCUCAG,.....(((((.((((((((..(((((((.((((......))))))))))).))))).))).))).)).,-24.7,653,5p,novel,UGGGAUGAGGGAUUGAAGUGGA,ACUGAAUCCUCUUUUCCUCAG,,,,
hsa-miR-5196,chr19,35345513,35345627,+,uc010edt.5,CD22,NM_001771,35329186,35347355,GAGGCCAGGGAAGGGGACGAGGGUUGGGGAACAGGUGGUUAGCACUUCAUCCUCGUCUCCCUCCCAG,.......((((.((((((((((((..((.(((.....)))....))..)))))))))))).))))..,-32.6,475,5p,novel,AGGGAAGGGGACGAGGGUUGGG,UCAUCCUCGUCUCCCUCCCAG,,,,
hsa-miR-6505,chr12,48132797,48132867,+,uc001rrc.4,PFKM,NM_000289,48119225,48146404,CAUUGGAAUAGGGGAUAUCUCAGCAUGUUGAGCCCUGUCUCUGGGGAGCUGACUUCUACCUCUUCCAAAG,..((((((.((((((....(((((........((((......)))).)))))..))).))).))))))..,-22.1,1474,5p,novel,UUGGAAUAGGGGAUAUCUCAGC,UGACUUCUACCUCUUCCAAAG,,,,
hsa-miR-6510,chr17,41517164,41517217,-,uc002hwy.4,KRT15,NM_002275,41513742,41522413,GAGAGCAGCAGGGGAGAGAGAGGAGUCCUCUAGACACCGACUCUGUCUCCUGCAG,.......((((((((.((((.((.(((.....))).))..)))).))))))))..,-27.5,1164,5p,novel,CAGCAGGGGAGAGAGAGGAGUC,CACCGACUCUGUCUCCUGCAG,,,,
hsa-miR-6511b,chr16,2106669,2106753,-,uc002cos.1,PKD1,NM_001009944,2088709,2135898,GGGGCCUGCAGGCAGAAGUGGGGCUGACAGGGCAGAGGGUUGCGCCCCCUCACCACCCCUUCUGCCUGCAG,.....(((((((((((((.(((..(((..((((..........))))..)))...)))))))))))))))),-40.5,127,5p,novel,CUGCAGGCAGAAGUGGGGCUGACA,CCUCACCACCCCUUCUGCCUGCA,,,,
hsa-miR-6513,chr2,218280125,218280188,-,uc002vhp.2,TMBIM1,NM_022152,218274191,218292577,GAGGCUUUGGGAUUGACGCCACAUGUCUCAGGUCCCCAGCUGAGUCAAGUGUCAUCUGUCCCUAG,........(((((((((((....((.(((((........))))).)).))))))...)))))...,-21.3,1813,5p,novel,UUUGGGAUUGACGCCACAUGUCU,UCAAGUGUCAUCUGUCCCUAG,,,,
hsa-miR-6514,chr11,62792702,62792771,-,uc058cnh.1,NXF1,NM_006362,62792170,62806302,UAUGGAGUGGACUUUCAGCUGGCAUUUACGAGUCAGAGUUCUUACAGAGCUGCCUGUUCUUCCACUCCAG,..(((((((((....((((((((........)))))(((((.....)))))..)))....))))))))).,-26.1,1556,5p,novel,UAUGGAGUGGACUUUCAGCUGGC,CUGCCUGUUCUUCCACUCCAG,,,,
hsa-miR-6515,chr19,12940484,12940540,+,uc002mvu.3,CALR,NM_004343,12938606,12944489,CCACAUUGGAGGGUGUGGAAGACAUCUGGGCCAACUCUGAUCUCUUCAUCUACCCCCCAG,......(((.(((((..(((((.(((.(((....))).))).)))))...))))).))).,-21.8,88,5p,known,UUGGAGGGUGUGGAAGACAUC,UCUCUUCAUCUACCCCCCAG,,,,
hsa-miR-6716,chr11,118644000,118644079,+,uc001ptr.3,PHLDB1,NM_015157,118606439,118658031,GACCUUGGGAAUGGGGGUAAGGGCCUUCUGAGCCCAGGUCCGAACUCUCCAUUCCUCUGCAG,......((((((((((((..((((((.........))))))..)))).))))))))......,-25.7,131,5p,novel,UGGGAAUGGGGGUAAGGGCC,UCCGAACUCUCCAUUCCUCUGC,,,,
hsa-miR-6726,chr1,1296110,1296170,-,uc001aeb.3,ACAP3,NM_030649,1292375,1308018,GGGGGCGGGAGCUGGGGUCUGCAGGUUCGCACUGAUGCCUGCUCGCCCUGUCUCCCGCUAG,...((((((((.((((((..((((((((.....)).))))))..)))))).))))))))..,-36.3,101,5p,novel,CGGGAGCUGGGGUCUGCAGGU,CUCGCCCUGUCUCCCGCUAG,,,,
hsa-miR-6727,chr1,1312502,1312566,-,uc001aee.3,CPSF3L,NM_017871,1311596,1324691,GGGUGCUCGGGGCAGGCGGCUGGGAGCGGCCCUCACAUUGAUGGCUCCUGCCACCUCCUCCGCAG,...(((..((((.(((.(((.((((...(((.((.....)).)))))))))).))))))).))).,-28,91,5p,novel,CUCGGGGCAGGCGGCUGGGAGCG,UCCUGCCACCUCCUCCGCAG,,,,
hsa-miR-6728,chr1,8866502,8866590,-,uc001apj.3,ENO1,NM_001428,8861001,8878690,CUAGAUUGGGAUGGUAGGACCAGAGGGGCUUACUGCCCUGUGGGGCUCUCUGGACCCAGUGCCAUGCUUCUCUGCUCUGCUCUCCCCAG,.......((((.((((((..(((((..((.....((((....))))...(((....)))......))..))))).)))))).))))...,-36.7,615,5p,known,UUGGGAUGGUAGGACCAGAGGGG,UCUCUGCUCUGCUCUCCCCAG,,,,
hsa-miR-6729,chr1,12029158,12029222,+,uc001ato.3,MIIP,NM_021933,12019465,12032045,GAGGGUGGGCGAGGGCGGCUGAGCGGCUCCAUCCCCCGGCCUGCUCAUCCCCCUCGCCCUCUCAG,..(((.(((((((((.((.(((((((((.........)))).))))).))))))))))).)))..,-42.1,81,5p,novel,UGGGCGAGGGCGGCUGAGCGGC,UCAUCCCCCUCGCCCUCUCAG,,,,
hsa-miR-6730,chr1,12578957,12579023,-,uc031tpa.2,DHRS3,NM_004753,12567909,12617731,CCGAAAGAAAGGUGGAGGGGUUGUCAGAGCUGCAGCUGCUCCACCCUGACACCCCAUCUGCCCUCAG,......((..((..((((((.(((((((((.......)))).....))))))))).))..)).))..,-26.2,336,5p,novel,AGAAAGGUGGAGGGGUUGUCAGA,CCUGACACCCCAUCUGCCCUCA,,,,
hsa-miR-6731,chr1,24919345,24919416,-,uc001bjq.4,RUNX3,NM_004350,24899517,24929877,ACAGGUGGGAGAGCAGGGUAUUGUGGAAGCUCCAGGUGCCAACCACCUGCCUCUAUUCCCCACUCUCCCCAG,......(((((((..(((....(((((.((...(((((.....))))))).))))).)))..)))))))...,-29.7,8229,5p,novel,UGGGAGAGCAGGGUAUUGUGGA,UCUAUUCCCCACUCUCCCCAG,,,,
hsa-miR-6732,chr1,37480230,37480289,+,uc001cbb.5,ZC3H12A,NM_025079,37474551,37484379,AGGCCUAGGGGGUGGCAGGCUGGCCAUCAGUGUGGGCUAACCCUGUCCUCUCCCUCCCAG,.((...((((((.((((((.(((((.........)))))..)))).)).)))))).))..,-26.6,4350,5p,novel,UAGGGGGUGGCAGGCUGGCC,UAACCCUGUCCUCUCCCUCCCAG,,,,
hsa-miR-6733,chr1,43171652,43171712,-,uc001cin.4,EBNA1BP2,NM_006824,43164183,43172260,GUGCUUGGGAAAGACAAACUCAGAGUUCCCUUCUUGUGAGCUCAGUGUCUGGAUUUCCUAG,.....(((((((..((.((...((((((.........))))))...)).))..))))))).,-17.9,234,5p,known,UGGGAAAGACAAACUCAGAGUU,UCAGUGUCUGGAUUUCCUAG,,,,
hsa-miR-6734,chr1,43364648,43364715,-,uc001cjb.5,ELOVL1,NM_022821,43363396,43368018,AGAACUUGAGGGGAGAAUGAGGUGGAGAAGCCCAGGUUCUGAAUCCCCUUCCCUCACUCUUCUCUCAG,......((((((((((.(((((.((((.....(((...)))......))))))))).)))))))))).,-26,90,5p,novel,UUGAGGGGAGAAUGAGGUGGAGA,CCCUUCCCUCACUCUUCUCUCAG,,,,
hsa-miR-6735,chr1,43448539,43448611,+,uc001cjk.4,SZT2,NM_015284,43389968,43452633,GCAGCCAGGGCAGAGGGCACAGGAAUCUGAGGUGACUGGCACAGAAGACUCAGGCCUGUGGCUCCUCCCUCAG,......((((.((.((.((((((...(((((....(((...)))....))))).)))))).)).))))))...,-28.6,127,5p,novel,CAGGGCAGAGGGCACAGGAAUCUGA,AGGCCUGUGGCUCCUCCCUCAG,,,,
hsa-miR-6736,chr1,145850587,145850645,-,uc001eoc.2,PIAS3,NM_006099,145848521,145859080,CUGAGCUGGGUGAGGGCAUCUGUGGUUUGCUGGCUGCCUCAGCUCCUCUCUACCCACAG,(((...((((((((((...(((.(((.........))).)))...))))).)))))))),-20.5,184,5p,novel,CUGGGUGAGGGCAUCUGUGGU,UCAGCUCCUCUCUACCCACAG,,,,
hsa-miR-6737,chr1,153962351,153962420,-,uc031ppi.1,SLC39A1,NM_001271960,153959098,153968184,UUGGGUUGGGGUGGUCGGCCCUGGAGGGGGUUUGUUUGCUUAUUCCCCUCUGUGCUUCACCCCUACCCAG,.(((((.(((((((..(((...((((((((.............))))))))..)))))))))).))))).,-37.02,178,5p,novel,UUGGGGUGGUCGGCCCUGGAG,UCUGUGCUUCACCCCUACCCAG,,,,
hsa-miR-6738,chr1,155951273,155951336,-,uc001fmr.3,ARHGEF2,NM_004723,155946850,155978160,GAAGGCGAGGGGUAGAAGAGCACAGGGGUUCUGAUAAACCCUUCUGCCUGCAUUCUACUCCCAG,........(((((((((..(((.(((((((......))))))).))).....)))))).)))..,-24.6,210,5p,known,CGAGGGGUAGAAGAGCACAGGGG,CUUCUGCCUGCAUUCUACUCCCAG,,,,
hsa-miR-6739,chr1,201863373,201863447,+,uc001gwz.4,IPO9,NM_018085,201829140,201884294,GAAUGUGGGAAAGAGAAAGAACAAGUAAAAGGAAUUUUCAUUUUCCAGCCCCUAAUUGUUCUGUCUUUCUCCCAG,.....(((((.(((((.(((((((......((((........)))).........))))))).))))).))))).,-23.26,4453,5p,known,UGGGAAAGAGAAAGAACAAGUA,AUUGUUCUGUCUUUCUCCCAG,,,,
hsa-miR-6740,chr1,202003124,202003236,+,uc001gxd.4,RNPEP,NM_020216,201982623,202006147,GAAAGAGUUUGGGAUGGAGAGAGGAGAAACUUGAGGUCUCUGGGAGUUGCUUAAACCAGUUGACCGUAACCUGGCCAGAGAAUUCUGAUAGUGUCUUCUCUCCUCCCAAACAG,......((((((((.((((((((((...(((.(((.(((((((..(((((((((.....))))..)))))....))))))).)))....))).))))))))))))))))))..,-47.7,1469,5p,novel,AGUUUGGGAUGGAGAGAGGAGA,UGUCUUCUCUCCUCCCAAACAG,,,,
hsa-miR-6741,chr1,225922080,225922142,-,uc001hpq.5,PYCR2,NM_013328,225919877,225924259,AAUGGGUGGGUGCUGGUGGGAGCCGUGCCCUGGCCACUCAUUCGGCUCUCUCCCUCACCCUAG,...(((((((....((.((((((((.((....))........)))))))).)))))))))...,-28.9,124,5p,novel,GUGGGUGCUGGUGGGAGCCGUG,UCGGCUCUCUCCCUCACCCUAG,,,,
hsa-miR-6742,chr1,228397048,228397109,-,uc001hss.4,TRIM11,NM_145214,228393675,228406840,GAGGGAGUGGGGUGGGACCCAGCUGUUGGCCAUGGCGACAACACCUGGGUUGUCCCCUCUAG,...((((.((((...(((((((.(((((((....))..))))).))))))).))))))))..,-29.1,95,5p,novel,AGUGGGGUGGGACCCAGCUGUU,ACCUGGGUUGUCCCCUCUAG,,,,
hsa-miR-6743,chr11,209336,209406,+,uc001lof.5,RIC8A,NM_021932,208529,215113,GGGUAAAGGGGCAGGGACGGGUGGCCCCAGGAAGAAGGGCCUGGUGGAGCCGCUCUUCUCCCUGCCCACAG,........(((((((((.(((((((.(((((........)))))....)))))))...)))))))))....,-38.9,88,5p,novel,AAGGGGCAGGGACGGGUGGCCC,AGCCGCUCUUCUCCCUGCCCACA,,,,
hsa-miR-6744,chr11,1256605,1256670,+,uc001lta.4,MUC5B,NM_002458,1223065,1262172,UCACGUGGAUGACAGUGGAGGCCUCCUGGAUCUCUAGGUCUCAGGGCCUCUCUUGUCAUCCUGCAG,....(((((((((((.(((((((((((((....))))).....)))))))).))))))))).))..,-35.8,445,5p,novel,UGGAUGACAGUGGAGGCCU,GGGCCUCUCUUGUCAUCCUGCAG,,,,
hsa-miR-6746,chr11,61878216,61878278,-,uc001nsm.5,FADS3,NM_021727,61873525,61891534,CUUGCCCGGGAGAAGGAGGUGGCCUGGAGAGCUGCUGUCUCCAGCCGCCGCCUGUCUCCACAG,........((((((((.(((((.(((((((.......)))))))))))).))).)))))....,-33.3,296,5p,novel,CCGGGAGAAGGAGGUGGCCUGG,CAGCCGCCGCCUGUCUCCACAG,,,,
hsa-miR-6747,chr11,62567011,62567071,-,uc001ntm.2,EEF1G,NM_001404,62559600,62573973,UUUGGAGGGGUGUGGAAAGAGGCAGAACAUUCGUUCACUUUCCUGCCUUCCUCUGCACCAG,........((((..((..(((((((.................)))))))..))..))))..,-22.63,388,5p,known,AGGGGUGUGGAAAGAGGCAGAACA,UCCUGCCUUCCUCUGCACCAG,,,,
hsa-miR-6748,chr11,62789815,62789885,+,uc001nvd.5,TMEM179B,NM_199337,62787426,62790405,UGGUGUGUGGGUGGGAAGGACUGGAUUUGAAAUGGUCCCACUCCUGACGAUCCUGUCCCUGUCUCCUACAG,.....((((((.(((..((((.(((((......((.......))....))))).))))...))))))))).,-21.6,206,5p,novel,UGUGGGUGGGAAGGACUGGAUU,UCCUGUCCCUGUCUCCUACAG,,,,
hsa-miR-6749,chr11,64902387,64902455,-,uc001obx.4,ATG2A,NM_015104,64894545,64917248,GGCCCUCGGGCCUGGGGUUGGGGGAGCUCUGUCCUGUCUCACUCAUUGCUCCUCCCCUGCCUGGCCCAG,.......(((((..((((.((((((((..((............))..))))))))...)))))))))..,-31.3,123,5p,novel,UCGGGCCUGGGGUUGGGGGAGC,CUCCUCCCCUGCCUGGCCCAG,,,,
hsa-miR-6750,chr11,64898363,64898437,-,uc001obx.4,ATG2A,NM_015104,64894545,64917248,GCUGUCAGGGAACAGCUGGGUGAGCUGCUGCCCCAGAGGCCCAGCAGGUGUCCAGAACUCACCCUCUGCUCCCAG,.......((((.(((..(((((((((((((((.....)))..)))))..........))))))).))).))))..,-31.5,273,5p,novel,CAGGGAACAGCUGGGUGAGCUGCU,GAACUCACCCUCUGCUCCCAG,,,,
hsa-miR-6751,chr11,65129916,65129978,-,uc001odc.3,SYVN1,NM_032431,65127278,65134532,UCUUCUUGGGGGUGAGGUUGGUGUCUGGCCCCAGCAGCCCAGACUGAGCCUCUCUCUCUCCAG,.......(((((.((((((...(((((((.......))).))))..)))))).))))).....,-24.1,86,5p,novel,UUGGGGGUGAGGUUGGUGUCUGG,ACUGAGCCUCUCUCUCUCCAG,,,,
hsa-miR-6752,chr11,67490245,67490315,+,uc001olv.4,AIP,NM_003977,67483040,67491103,AUGGAGGGGGGUGUGGAGCCAGGGGGCCCAGGUCUACAGCUUCUCCCCGCUCCCUGCCCCCAUACUCCCAG,..(((((((((((.(((((..(((((...((((.....)))).)))))))))).)))))))...))))...,-35.2,101,5p,novel,GGGGGGUGUGGAGCCAGGGGGC,UCCCUGCCCCCAUACUCCCAG,,,,
hsa-miR-6753,chr11,68044794,68044957,+,uc001one.4,TCIRG1,NM_006019,68039015,68050895,CACCAGGGCAGAGCAGGGCUGAUCAUCUCACGUCAGAGAGAGGGGAAGGGGCUGCCCAGUGAGCCCCCACAGGGCUCUACAUCUCCAGCUGGGCCUGGCUGGAGAUCCCAGGGUCCCUGAAGGCCCCCGCCACCGUUCUGGUCUGUCUCUGCCCUGGCACCCAG,..(((((((((((((((.(((((........)))))((((.((((..((((((((((.((((((((.....)))))).)).(((((((((......))))))))).....)))).......))))))..)).)).))))..)))).))))))))))).......,-84.01,613,5p,novel,CACCAGGGCAGAGCAGGGCUGA,UGGUCUGUCUCUGCCCUGGCAC,,,,
hsa-miR-6754,chr11,71473503,71473568,+,uc001oqn.4,NADSYN1,NM_018161,71453108,71501816,GGCUGCCAGGGAGGCUGGUUUGGAGGAGUCUGGUGGCCUGUUCUCUUCACCUGCCUCUGCCUGCAG,..(((.(((((((((.(((..(((((((((....)))...))))))..))).)))))..))))))),-29.2,202,5p,novel,CCAGGGAGGCUGGUUUGGAGGA,UCUUCACCUGCCUCUGCCUGCA,,,,
hsa-miR-6755,chr11,86278333,86278398,+,uc001pbp.4,EED,NM_003797,86244543,86278736,UGUUUUAGGGUAGACACUGACAACGUUAUGUGUGGUCUUUAACCUGUUGUCAUGUUUUUUCCCUAG,.....(((((.(((((.((((((((........(((.....))))))))))))))))...))))).,-20.2,407,5p,novel,UAGGGUAGACACUGACAACGUU,UGUUGUCAUGUUUUUUCCCUAG,,,,
hsa-miR-6756,chr11,119312950,119313012,-,uc001pwf.4,MCAM,NM_006500,119308528,119317116,ACCCUAGGGUGGGGCUGGAGGUGGGGCUGAGGCUGAGUCUUCCUCCCCUUCCUCCCUGCCCAG,......(((..(((..(((((.((((..(((((...)))))..))))))))).)))..)))..,-33.5,1539,5p,novel,AGGGUGGGGCUGGAGGUGGGGCU,UCCCCUUCCUCCCUGCCCAG,,,,
hsa-miR-6757,chr12,53056944,53057012,+,uc001sbn.4,TNS2,NM_015319,53048948,53064371,GGGCUUAGGGAUGGGAGGCCAGGAUGAAGAUUAAUCCCUAAUCCCCAACACUGGCCUUGCUAUCCCCAG,.......(((((((((((((((..((..(((((.....)))))..))...)))))))).)))))))...,-29.3,1167,5p,novel,UAGGGAUGGGAGGCCAGGAUGA,AACACUGGCCUUGCUAUCCCCA,,,,
hsa-miR-6758,chr12,57512688,57512750,+,uc001sog.4,MARS,NM_004990,57487956,57516649,UGGGCUAGAGAGGGGAAGGAUGUGAUGUGAGCAGAUGGUUCUCACUCAUUCUCCUCUGUCCAG,(((((...(((((((((.((.((((...((((.....)))))))))).)))))))))))))).,-26.7,397,5p,known,UAGAGAGGGGAAGGAUGUGAUGU,ACUCAUUCUCCUCUGUCCAG,,,,
hsa-miR-6759,chr12,57748618,57748682,-,uc001spv.4,CDK4,NM_000075,57747726,57752521,UAUUGUUGUGGGUGGGCAGAAGUCUGUUUUCUUCAUGGUUUUCUGACCUUUGCCUCUCCCCUCAG,......((.(((.(((((((.(((......((....))......))).)))))))...))).)).,-18.4,564,5p,novel,UUGUGGGUGGGCAGAAGUCUGU,UGACCUUUGCCUCUCCCCUCAG,,,,
hsa-miR-6760,chr12,111304142,111304209,+,uc001tsa.4,CUX2,NM_015267,111034023,111350554,CAGUGCAGGGAGAAGGUGGAAGUGCAGAGUGGGCUCACCUCUCGCCCACACUGUCCCCUUCUCCCCAG,.......(((((((((.((....((((.((((((.........)))))).)))))))))))))))...,-35.1,5620,5p,novel,CAGGGAGAAGGUGGAAGUGCAGA,ACACUGUCCCCUUCUCCCCAG,,,,
hsa-miR-6761,chr12,111799834,111799905,+,uc001tst.4,ALDH2,NM_000690,111766921,111817529,GCUCUGAGAGAGCUCGAUGGCAGGUGCCUCCGUGUUGCCGAACCCUCCUACGCUGCUCUCUCACUCCAG,....(((((((((.((..((..(((.....((......)).)))..))..))..)))))))))......,-20.7,1663,5p,novel,UCUGAGAGAGCUCGAUGGCAG,UCCUACGCUGCUCUCUCACUCC,,,,
hsa-miR-6762,chr12,113291523,113291608,+,uc001tuw.4,TPCN1,NM_017901,113221437,113298585,AGAGCCGGGGCCAUGGAGCAGCCUGUGUAGACGGGGACCUGCCCUGCAUGGGCACCCCCUCACUGGCUGCUUCCCUUGGUCUCCAG,.(((((((((....(((((((((.(((.((..((((...(((((.....)))))))))))))).))))))))))))))).)))...,-47.8,610,5p,novel,CGGGGCCAUGGAGCAGCCUGUGU,UGGCUGCUUCCCUUGGUCUCCAG,,,,
hsa-miR-6763,chr12,132581997,132582061,+,uc001ukf.4,FBRSL1,NM_001142641,132489550,132585188,UUCUCCUGGGGAGUGGCUGGGGAGCAGACAGACCCAACCUCAUGCUCCCCGGCCUCUGCCCCCAG,.....((((((((.((((((((((((...((.......))..)))))))))))).))..)))))),-38.7,237,5p,novel,CUGGGGAGUGGCUGGGGAG,CUCCCCGGCCUCUGCCCCCAG,,,,
hsa-miR-6764,chr14,100277357,100277417,+,uc001ygy.3,YY1,NM_003403,100238984,100282792,GACUCCCAGGGUCUGGUCAGAGUUGCUGAGUGGGUUGAUCUCUGGUCUUUCCUUGACAG,......(((((...((((((((..(((.....)))....))))))))...)))))....,-16.3,769,5p,novel,UCCCAGGGUCUGGUCAGAGUUG,UCUCUGGUCUUUCCUUGACAG,,,,
hsa-miR-6765,chr14,105150778,105150864,-,uc001yqg.4,JAG2,NM_002226,105140980,105168824,GUGAGGCGGGGCCAGGAGGGUGUGUGGCGUGGGUGCUGCGGGGCCGUCAGGGUGCCUGCGGGACGCUCACCUGGCUGGCCCGCCCAG,.((.(((.(((((((..(((((.(((.((..((..(((((....)))...))..))..))...))).)))))..)))))))))))).,-51.6,87,mirtron,novel,GUGAGGCGGGGCCAGGAGGGUGUGU,UCACCUGGCUGGCCCGCCCAG,,,,
hsa-miR-6766,chr15,89326739,89326810,-,uc002bns.5,POLG,NM_002693,89316304,89334847,AUGAGCGGGUGGGAGCAGAUCUUAUUGAGAGUUCCUUCUCCUGCUCCUGAUUGUCUUCCCCCACCCUCACAG,.(((..(((((((...((((...(((..((((..........))))..))).))))...))))))))))...,-22.1,173,5p,novel,CGGGUGGGAGCAGAUCUUAUUGAG,UGAUUGUCUUCCCCCACCCUCA,,,,
hsa-miR-6767,chr16,2445392,2445457,+,uc002cqd.2,CCNF,NM_001761,2429393,2458854,UGAAAUCGCAGACAGGGACACAUGGAGAACGCCCCCACCAGUUCCCACGUGCUUCUCUUUCCGCAG,.......((.((.((((((((.(((.((((..........))))))).)))..))))).)).))..,-19.8,1657,5p,novel,UCGCAGACAGGGACACAUGGAGA,CCACGUGCUUCUCUUUCCGCAG,,,,
hsa-miR-6768,chr16,2463967,2464038,+,uc002cqh.4,C16orf59,NM_025108,2460079,2464963,CCAGGCACACAGGAAAAGCGGGGCCCUGGGUUCGGCUGCUACCCCAAAGGCCACAUUCUCCUGUGCACACAG,.......(((((((.((....((((..((((.........))))....))))...)).))))))).......,-23.3,1306,5p,novel,CACACAGGAAAAGCGGGGCCCUG,CAAAGGCCACAUUCUCCUGUGCAC,,,,
hsa-miR-6769b,chr1,206474803,206474864,+,uc001hdz.3,IKBKE,NM_014002,206470494,206496889,CUUCCUGGUGGGUGGGGAGGAGAAGUGCCGUCCUCAUGAGCCCCUCUCUGUCCCACCCAUAG,.......(((((((((..(((((...(((((....))).))...)))))..)))))))))..,-28,393,5p,novel,UGGUGGGUGGGGAGGAGAAGUGC,CCCUCUCUGUCCCACCCAUAG,,,,
hsa-miR-6771,chr16,50292616,50292675,+,uc002egd.3,ADCY7,NM_001114,50266515,50318135,GGUGCCUCGGGAGGGCAUGGGCCAGGCCACAUAAUGAGCCAAACCCCUGUCUACCCGCAG,.....((((((.(((((.(((...(((((.....)).)))...))).))))).)))).)),-23.4,778,5p,novel,CUCGGGAGGGCAUGGGCCAGGC,CAAACCCCUGUCUACCCGCAG,,,,
hsa-miR-6772,chr16,57772289,57772352,-,uc002emm.4,KIFC3,NM_001318714,57758216,57802588,AGGCCUGGGUGUAGGCUGGAGCUGAGGACUGAGGCUCACCUUGCUCCUGACUCUGUGCCCACAG,.....((((..((((..(((((.((((..((.....)))))))))))....))))..))))...,-24.7,4197,5p,novel,UGGGUGUAGGCUGGAGCUGAGG,UUGCUCCUGACUCUGUGCCCACA,,,,
hsa-miR-6773,chr16,68233426,68233499,-,uc002evq.2,ESRP2,NM_024939,68229125,68236584,GGGAGUUGGGCCCAGGAGUAAACAGGAUUAGUGCUUAUGCUAAGAUGUCUUCACUGUCACUUCUCUGCCCAUAG,......(((((..((((((..(((((((((((......))))).......)).)))).))))))..)))))...,-20.51,342,5p,novel,UUGGGCCCAGGAGUAAACAGGAU,ACUGUCACUUCUCUGCCCAUAG,,,,
hsa-miR-6774,chr16,85918347,85918416,+,uc002fjh.4,IRF8,NM_002163,85898802,85922609,UGUGCACUUGGGCAGGAGGGACCCUGUAUGUCUCCCCGCAGCACCGUCAUCGUGUCCCUCUUGUCCACAG,........((((((((((((((.((((..........))))...((....)).))))))))))))))...,-26.4,3896,5p,novel,ACUUGGGCAGGAGGGACCCUGUAUG,UCGUGUCCCUCUUGUCCACAG,,,,
hsa-miR-6775,chr16,87834592,87834660,-,uc002fkm.4,SLC7A5,NM_003486,87830022,87869488,GAACCUCGGGGCAUGGGGGAGGGAGGCUGGACAGGAGAGGGCUCACCCAGGCCCUGUCCUCUGCCCCAG,.......((((((.((((.((((...((((....(((....)))..)))).)))).)))).))))))..,-35.9,1906,5p,novel,UCGGGGCAUGGGGGAGGGAGGCUGG,AGGCCCUGUCCUCUGCCCCAG,,,,
hsa-miR-6776,chr17,2692861,2692919,-,uc059zog.1,CLUH,NM_015229,2689385,2712020,CGGGCUCUGGGUGCAGUGGGGGUUCCCACGCCGCGGCAACCACCACUGUCUCUCCCCAG,.(((....(((.(((((((.((((.((.......)).)))).))))))))))..)))..,-25.7,1039,5p,novel,UCUGGGUGCAGUGGGGGUU,CAACCACCACUGUCUCUCCCCAG,,,,
hsa-miR-6777,chr17,17813480,17813545,-,uc002gru.3,SREBF1,NM_004176,17812072,17837002,UCAAGACGGGGAGUCAGGCAGUGGUGGAGAUGGAGAGCCCUGAGCCUCCACUCUCCUGGCCCCCAG,.......((((.((((((.(((((.((....((.....))....)).)))))..))))))))))..,-31.9,89,5p,novel,ACGGGGAGUCAGGCAGUGGUGGA,UCCACUCUCCUGGCCCCCAG,,,,
hsa-miR-6778,chr17,18340814,18340886,-,uc002gta.5,SHMT1,NM_004169,18327872,18363487,GUUCAAGUGGGAGGACAGGAGGCAGGUGUGGUUGGAGGAAGCAGCCUGAACCUGCCUCCCUGACAUUCCACAG,......((((((...((((((((((((..(((((.......)))))...)))))))))).))...))))))..,-38.1,6682,5p,novel,AGUGGGAGGACAGGAGGCAGGU,UGCCUCCCUGACAUUCCACAG,,,,
hsa-miR-6779,chr17,38914979,38915042,+,uc002hra.3,LASP1,NM_006148,38869858,38921770,GAGCUCUGGGAGGGGCUGGGUUUGGCAGGACAGUUUCCAAGCCCUGUCUCCUCCCAUCUUCCAG,......((((((((((.((((((((.(((....))))))))))).))).)))))))........,-30.2,567,5p,novel,CUGGGAGGGGCUGGGUUUGGC,AAGCCCUGUCUCCUCCCAUCU,,,,
hsa-miR-6780a,chr17,42708084,42708151,-,uc002iaz.4,EZH1,NM_001991,42700274,42745030,GACACUUGGGAGGGAAGACAGCUGGAGAGUAUGGUCACAGCAGCAUCCUCCUCUGUUUUCUUUCCUAG,......(((((((((((((((..((((.((.((.......))..)).)))).))))))))))))))).,-26.2,792,5p,novel,UUGGGAGGGAAGACAGCUGGAGA,CUCCUCUGUUUUCUUUCCUAG,,,,
hsa-miR-6780b,chr6,43434542,43434620,+,uc003ouz.1,ABCC10,NM_033450,43431750,43450425,CAGCCUGGGGAAGGCUUGGCAGGGAAGACACAUGAGCAGUGCCUCCACUUCACGCCUCUCCCUUGUCUCCUUUCCCUAG,....((((((((((...(((((((.(((....(((..((((....)))))))....))).)))))))..)))))))))),-30.5,1260,5p,novel,UGGGGAAGGCUUGGCAGGGAAGA,UCCCUUGUCUCCUUUCCCUAG,,,,
hsa-miR-6781,chr17,42823880,42823943,-,uc002ibn.3,BECN1,NM_003766,42810133,42824263,AACCCCGGGCCGGAGGUCAAGGGCGUCGCUUCUCCCUAAUGUUGCCUCUUUUCCACGGCCUCAG,......((((((..((..(((((.((.((...........)).)))))))..)).))))))...,-20.6,253,5p,novel,CGGGCCGGAGGUCAAGGGCGU,UGCCUCUUUUCCACGGCCUCAG,,,,
hsa-miR-6782,chr17,44207771,44207839,-,uc010czt.3,UBTF,NR_045058,44205032,44221626,UGGGGUAGGGGUGGGGGAAUUCAGGGGUGUCGAACUCAUGGCUGCCACCUUUGUGUCCCCAUCCUGCAG,....((((((...(((((...((((((((.((..........)).))))))))..))))).))))))..,-29.9,93,5p,novel,UAGGGGUGGGGGAAUUCAGGGGUGU,CACCUUUGUGUCCCCAUCCUGCA,,,,
hsa-miR-6783,chr17,44934618,44934681,-,uc010wjh.4,KIF18B,NM_001265577,44925991,44947711,CCUGUUAGGGGAAAAGUCCUGAUCCGGGAACCCACAGCCCCGUUCCUGGGCUUCUCCUCUGUAG,.....(((((((.((((((.((..((((..........)))).))..)))))).)))))))...,-23.9,213,5p,novel,UAGGGGAAAAGUCCUGAUCCGG,UUCCUGGGCUUCUCCUCUGUAG,,,,
hsa-miR-6784,chr17,45114367,45114433,-,uc032fjs.2,PLCD3,NM_133373,45108966,45132498,UACAGGCCGGGGCUUUGGGUGAGGGACCCCCGGAGUCUGUCACGGUCUCACCCCAACUCUGCCCCAG,........(((((...((((((((.....(((((.....)).))))))))))).......)))))..,-26.1,727,5p,known,GCCGGGGCUUUGGGUGAGGG,UCUCACCCCAACUCUGCCCCAG,,,,
hsa-miR-6785,chr17,75498548,75498628,+,uc002jnz.5,TMEM94,NM_014738,75456463,75500082,CUCCCUGGGAGGGCGUGGAUGAUGGUGGGAGAGGAGCCCCACUGUGGAAGUCUGACCCCCACAUCGCCCCACCUUCCCCAG,....(((((..((.((((.((((.(((((...(((...((.....))...)))....)))))))))..))))))..))))),-31.9,90,5p,novel,UGGGAGGGCGUGGAUGAUGGUG,ACAUCGCCCCACCUUCCCCAG,,,,
hsa-miR-6786,chr17,81693757,81693869,+,uc002kbg.4,HGS,NM_004712,81683931,81702119,GCUGCGGUGGGGCCGGAGGGGCGUCACGUGCACCCAAGUGACGCCCCUUCUGAUUCUGCCUCAG,.(((.((..((..((((((((((((((.((....)).))))))))))).)))..))..)).))),-38.1,117,5p,known,GCGGUGGGGCCGGAGGGGCGU,UGACGCCCCUUCUGAUUCUGCCU,,,,
hsa-miR-6787,chr17,82236668,82236728,+,uc021ufm.2,SLC16A3,NM_001206950,82228405,82239498,UCGGCUGGCGGGGGUAGAGCUGGCUGCAGGCCCGGCCCCUCUCAGCUGCUGCCCUCUCCAG,....((((.((((((((((((((.....(((...)))....)))))).)))))))).)))),-30.7,497,5p,novel,UGGCGGGGGUAGAGCUGGCUGC,UCUCAGCUGCUGCCCUCUCCAG,,,,
hsa-miR-6788,chr18,10759584,10759649,-,uc002kos.3,PIEZO2,NM_022068,10671526,11148588,GACGGCUGGGAGAAGAGUGGUGAAGAAGAGUAUUGAUUGUGCUGUUCGCCACUUCCCUCCCUGCAG,....((.(((((..(((((((...(((.(((((.....))))).))))))))))..))))).))..,-30.1,121,5p,known,CUGGGAGAAGAGUGGUGAAGA,UUCGCCACUUCCCUCCCUGCAG,,,,
hsa-miR-6789,chr19,2235829,2235926,-,uc002lvf.2,PLEKHJ1,NM_018049,2233152,2237704,GUAGGGGCGUCCCGGGCGCGCGGGCGGGUCCCAGGCUGGGCCCCUCGGAGGCCGGGUGCUCACUGCCCCGUCCCGGCGCCCGUGUCUCCUCCAG,..(((((((...(((((((.((((((((...(((..(((((.((.(((...))))).)))))))).)))).))))))))))))))).)))....,-51.3,94,mirtron,novel,GUAGGGGCGUCCCGGGCGCGCGGG,CGGCGCCCGUGUCUCCUCCAG,,,,
hsa-miR-6790,chr19,6392921,6392983,-,uc002meq.3,GTF2F1,NM_002096,6379568,6393460,GUGAGUGUGGAUUUGGCGGGGUUCGGGGGUUCCGACGGCGACCUCGGCGACCCCUCACUCACC,(((((((.((..(((.((((((((((.....)))).....)))))).)))..)).))))))).,-31,80,3p,novel,GUGAGUGUGGAUUUGGCGGGGUU,CGACCUCGGCGACCCCUCACU,,,,
hsa-miR-6791,chr19,6736712,6736778,-,uc002mfp.4,GPR108,NM_001080452,6729913,6737603,CCAGACCCCUGGGGCUGGGCAGGCGGAAAGAGGUCUGAACUGCCUCUGCCUCCUUGGUCUCCGGCAG,(((((((...(((((.((((((.((((......))))..))))))..)))))...)))))..))...,-28.7,278,5p,novel,CCCCUGGGGCUGGGCAGGCGGA,UGCCUCCUUGGUCUCCGGCAG,,,,
hsa-miR-6792,chr19,7617439,7617505,+,uc002mgv.5,CAMSAP3,NM_020902,7595901,7618095,GUAAGCAGGGGCUCUGGGUGAUGUGAGGAGCAACAGGCACCCUCCUCCACAGCCCCUGCUCAUUCCU,...((((((((((.((((......((((.((.....))..)))).)))).)))))))))).......,-29.6,104,3p,novel,GUAAGCAGGGGCUCUGGGUGA,CUCCUCCACAGCCCCUGCUCAU,,,,
hsa-miR-6793,chr19,10828973,10829035,+,uc002mpu.3,DNM2,NM_004945,10718092,10831884,GUCACUGUGGGUUCUGGGUUGGGGUGAUACACAAGCCUGACCCUCCCCAACCCCUGCCCGCAG,....((((((((...(((((((((.....((......)).....)))))))))..)))))))),-32.2,3814,5p,novel,UGUGGGUUCUGGGUUGGGGUGA,UCCCCAACCCCUGCCCGCAG,,,,
hsa-miR-6794,chr19,12852260,12852327,+,uc002mvm.4,MAST1,NM_014975,12838533,12874951,GGGCGCAGGGGGACUGGGGGUGAGCAGGCCCAGAACCCAGCUCGUGCUCACUCUCAGUCCCUCCCUAG,(((....((((((((((((((((((((((..........)))..))))))))))))))))))))))..,-38.7,80,5p,novel,CAGGGGGACUGGGGGUGAGC,CUCACUCUCAGUCCCUCCCU,,,,
hsa-miR-6795,chr19,15179283,15179350,-,uc002nan.4,NOTCH3,NM_000435,15159037,15200981,AGGGUUGGGGGGACAGGAUGAGAGGCUGUCUUCAUUCCCUCUUGACCACCCCUCGUUUCUUCCCCCAG,.......((((((..(((((((.((..(((.............)))..)).)))))))..))))))..,-26.02,81,5p,novel,UGGGGGGACAGGAUGAGAGGCUGU,ACCCCUCGUUUCUUCCCCCAG,,,,
hsa-miR-6796,chr19,40369846,40369907,+,uc060yrn.1,PLD3,NM_012268,40348684,40378483,UUACCUUGUGGGGUUGGAGAGCUGGCUGGUCCAGCCCCUCAGAAGCUCUCCCCUCCCCGCAG,......(((((((..(((((((((((((...))))).......))))))))...))))))).,-32.71,2028,5p,novel,UUGUGGGGUUGGAGAGCUGGCUG,GAAGCUCUCCCCUCCCCGCAG,,,,
hsa-miR-6797,chr19,41869627,41869698,+,uc002ort.4,RPS19,NM_001022,41859917,41872926,CAGCCAGGAGGGAAGGGGCUGAGAACAGGACCUGUGCUCACUGGGGCCUGCAUGACCCUUCCCUCCCCACAG,......(((((((((((........((((.(((((....)).))).)))).....)))))))))))......,-32.12,484,5p,novel,AGGAGGGAAGGGGCUGAGAACAGGA,UGCAUGACCCUUCCCUCCCCAC,,,,
hsa-miR-6798,chr19,49009906,49009972,+,uc002plr.2,RUVBL2,NM_006666,48993447,49015995,GGCAGCCAGGGGGAUGGGCGAGCUUGGGCCCAUUCCUUUCCUUACCCUACCCCCCAUCCCCCUGUAG,......((((((((((((.......(((................))).....))))))))))))...,-28.19,101,5p,known,CCAGGGGGAUGGGCGAGCUUGGG,CUACCCCCCAUCCCCCUGUAG,,,,
hsa-miR-6799,chr19,49791866,49791934,+,uc002ppn.4,AP2A1,NM_014203,49767133,49807110,GAGGAGGGGAGGUGUGCAGGGCUGGGGUCACUGACUCUGCUUCCCCUGCCCUGCAUGGUGUCCCCACAG,.....(((((..((((((((((.((((...............)))).))))))))))...)))))....,-35.36,9210,5p,novel,GGGGAGGUGUGCAGGGCUGG,UGCCCUGCAUGGUGUCCCCACAG,,,,
hsa-miR-6800,chr19,49832018,49832099,+,uc002ppw.3,MED25,NM_030973,49818288,49836979,GUAGGUGACAGUCAGGGGCGGGGUGUGGUGGGGCUGGGGCUGGCCCCCUCCUCACACCUCUCCUGGCAUCGCCCCCAG,â€¦(((((..((((((((..((((((((.((((..((((....)))))))))))))))))))))))).))))).....,-44.1,78,mirtron,novel,GUAGGUGACAGUCAGGGGCGG,CACCUCUCCUGGCAUCGCCCC,,,,
hsa-miR-6801,chr19,52222020,52222098,+,uc002pyp.4,PPP2R1A,NM_014225,52190038,52229533,UGGCCUGGUCAGAGGCAGCAGGAAAUGAGAGUUAGCCAGGAGCUUUGCAUACUCACCCCUGCCACUCACUGGCCCCCAG,.((((.(((.((.(((((..((...((((.((.(((.....)))..))...)))))).))))).)).))))))).....,-25.6,965,5p,novel,UGGUCAGAGGCAGCAGGAAAUGA,ACCCCUGCCACUCACUGGCC,,,,
hsa-miR-6802,chr19,55239912,55239976,-,uc002qjw.5,PPP6R1,NM_014931,55229779,55258995,GAGGGCUAGGUGGGGGGCUUGAAGCCCCGAGAUGCCUCACGUCUUCACCCCUCUCACCUAAGCAG,....(((((((((((((..(((((....(((....)))....)))))..))))))))))).))..,-28.9,87,5p,known,CUAGGUGGGGGGCUUGAAGC,UUCACCCCUCUCACCUAAGCAG,,,,
hsa-miR-6803,chr19,55245186,55245250,-,uc002qjw.5,PPP6R1,NM_014931,55229779,55258995,CUCCUCUGGGGGUGGGGGGCUGGGCGUGGUGGACAGCGAUGCAUCCCUCGCCUUCUCACCCUCAG,.....(((((((((((((((.((((((.((.....)).))))...))..)))))).))))))))),-32.4,79,5p,novel,CUGGGGGUGGGGGGCUGGGCGU,UCCCUCGCCUUCUCACCCUCAG,,,,
hsa-miR-6804,chr19,55230885,55230952,-,uc002qjw.5,PPP6R1,NM_014931,55229779,55258995,GGAUGUGAGGGUGUCAGCAGGUGACGGUGGGGGCCACGCUGACAGCCGCACCUGCCUCUCACCCACAG,.....((.(((((...(((((((.(((((..(((...)))..)).))))))))))....))))).)).,-32.4,525,5p,novel,UGAGGGUGUCAGCAGGUGACG,CGCACCUGCCUCUCACCCACAG,,,,
hsa-miR-6805,chr19,55388181,55388242,+,uc002qkv.4,RPL28,NM_000991,55385344,55392085,UGGCCUAGGGGGCGGCUUGUGGAGUGUAUGGGCUGAGCCUUGCUCUGCUCCCCCGCCCCCAG,.......((((((((...(((((((....((((...)))).)))))))....))))))))..,-32.6,194,5p,novel,UAGGGGGCGGCUUGUGGAGUGU,UUGCUCUGCUCCCCCGCCCCCAG,,,,
hsa-miR-6806,chr19,58334688,58334751,+,uc002qsc.3,ZSCAN22,NM_181846,58327018,58342332,UGCUCUGUAGGCAUGAGGCAGGGCCCAGGUUCCAUGUGAUGCUGAAGCUCUGACAUUCCUGCAG,....(((((((.(((...((((((.(((..((.....))..)))..)))))).))).))))))),-22.7,7637,5p,known,UGUAGGCAUGAGGCAGGGCCCAGG,UGAAGCUCUGACAUUCCUGCAG,,,,
hsa-miR-6807,chr19,58550285,58550376,+,uc002qtg.2,TRIM28,NM_005762,58544468,58550716,GUGAGCCAGUGGAAUGGAGAGGCUGUGGGCAGGGGGAGAUGUGAAGGAAAGAACUAGGACCCAUUCAUCCACUGCAUUCCUGCUUGGCCCAG,.((.((((((((((((.((.((..(((((...(((.....((..........)).....))).))))))).)).)))))).))).))).)).,-28.2,92,mirtron,novel,GUGAGCCAGUGGAAUGGAGAGG,CACUGCAUUCCUGCUUGGCCCAG,,,,
hsa-miR-6808,chr1,1339650,1339708,-,uc002quu.4,DVL1,NM_004421,1335275,1349350,GGGGCCAGGCAGGGAGGUGGGACCAUGGGGGCCUUGCUGUGUGACCACCGUUCCUGCAG,........((((((((((((...(((((........)))))...))))).)))))))..,-24.8,86,5p,novel,CAGGCAGGGAGGUGGGACCAUG,GUGUGACCACCGUUCCUGCAG,,,,
hsa-miR-6809,chr2,217900513,217900628,-,uc002vgt.3,TNS1,NM_022648,217799788,217944128,AAUGUUGGCAAGGAAAGAAGAGGAUCAUGUUUGCCCCCGUGGACAGCUCUCUGGUGUGCUCCUCCUGCCAUCCUGCCCACCCCUGCAUAAUGCUGCUUCUCUUCUCUCCUUCCCAG,.....(((.(((((.(((((((((.((.((.(((....((((.(((......((((.((.......))))))))).))))....)))....)))).))))))))).))))).))).,-39.3,3090,5p,novel,UGGCAAGGAAAGAAGAGGAUCA,CUUCUCUUCUCUCCUUCCCAG,,,,
hsa-miR-6810,chr2,218341911,218341980,+,uc002vhn.4,PNKD,NM_015488,218270484,218346793,CUGGGAUGGGGACAGGGAUCAGCAUGGCACAGAUCCAAUACCUUCUGUCCCCUGCUCCCUUGUUCCCCAG,......(((((((((((...((((.((.(((((..........))))).)).)))).)))))).))))).,-30.2,354,5p,known,AUGGGGACAGGGAUCAGCAUGGC,UCCCCUGCUCCCUUGUUCCCCAG,,,,
hsa-miR-6811,chr2,237510931,237510988,+,uc002vwt.5,MLPH,NM_024101,237487167,237555318,UAUGCAGGCCUGUGUACAGCACUCAGGCAGUGCCAUGAGCCUGUGCUUGUCCCUGCAG,..((((((.....((((((..(((((((...))).)))).)))))).....)))))).,-25.4,193,5p,novel,AUGCAGGCCUGUGUACAGCACU,AGCCUGUGCUUGUCCCUGCAG,,,,
hsa-miR-6812,chr20,45425510,45425573,+,uc002xoh.4,PIGT,NM_015937,45416076,45426244,UGAGGAUGGGGUGAGAUGGGGAGGAGCAGCCAGUCCUGUCUCACCGCUCUUCCCCUGACCCCAG,......((((((.....((((((((((((.((....)).))....))))))))))..)))))).,-29.3,994,5p,novel,AUGGGGUGAGAUGGGGAGGAGCAGC,CCGCUCUUCCCCUGACCCCAG,,,,
hsa-miR-6813,chr20,64076955,64077010,-,uc002yib.5,RGS19,NM_001039467,64073180,64079988,GUAGGCAGGGGCUGGGGUUUCAGGUUCUCAGUCAGAACCUUGGCCCCUCUCCCCAG,.......((((..((((((..(((((((.....))))))).))))))...))))..,-27.4,2668,5p,novel,CAGGGGCUGGGGUUUCAGGUUCU,AACCUUGGCCCCUCUCCCCAG,,,,
hsa-miR-6814,chr21,41746772,41746841,-,uc002yzn.2,RIPK4,NM_020639,41739368,41767106,UUUCCUCCCAAGGGUGAGAUGCUGCCACCCAGCCCUGCAGAGCCCCUGACUCGCAUCCUUCCCUUGGCAG,....((.(((((((...(((((.((......))....(((.....)))....)))))...))))))).)),-22.1,2382,5p,novel,UCCCAAGGGUGAGAUGCUGCCA,ACUCGCAUCCUUCCCUUGGCAG,,,,
hsa-miR-6815,chr21,45478266,45478326,+,uc062awh.1,COL18A1,NM_130444,45455530,45513719,CACUGUAGGUGGCGCCGGAGGAGUCAUUUCCCAUCACUAAUGGCUUCUCUUGCACACCCAG,..(((..((((..((.((((((((((((..........)))))))))))).)).))))))),-25.1,361,5p,novel,UAGGUGGCGCCGGAGGAGUCAUU,UGGCUUCUCUUGCACACCCAG,,,,
hsa-miR-6816,chr22,20114686,20114751,-,uc002zrk.3,TRMT2A,NM_182984,20111874,20117392,CCGAGUGGGGCGGGGCAGGUCCCUGCAGGGACUGUGACACUGAAGGACCUGCACCUUCGCCCACAG,....((.(((((((((((((((...(((...........)))..)))))))).))..)))))))..,-32.4,75,5p,novel,UGGGGCGGGGCAGGUCCCUGC,GAAGGACCUGCACCUUCG,,,,
hsa-miR-6818,chr22,30007049,30007113,+,uc003agu.5,MTMR3,NM_153050,29883154,30027880,CUAUUUUGUGUGAGUACAGAGAGCAUCUGAAUGGGUACAGUUGUUGUCUCUUGUUCCUCACACAG,......((((((((.((((((((((.(((........))).)))..))))).))..)))))))).,-22.2,4120,5p,novel,UUGUGUGAGUACAGAGAGCAUC,UUGUCUCUUGUUCCUCACACAG,,,,
hsa-miR-6819,chr22,36286847,36286907,-,uc003apg.4,MYH9,NM_002473,36281280,36388018,GAGGGUUGGGGUGGAGGGCCAAGGAGCUGGGUGGGGUGCCAAGCCUCUGUCCCCACCCCAG,......((((((((.((((..((..(((.(((.....))).)))..)))))))))))))).,-32.5,1405,5p,novel,UUGGGGUGGAGGGCCAAGGAGC,AAGCCUCUGUCCCCACCCCAG,,,,
hsa-miR-6820,chr22,37967563,37967624,+,uc003aul.4,POLR2F,NM_021974,37953662,37969312,CCUUCUGCGGCAGAGCUGGGGUCACCAGCCCUCAUGUACUUGUGACUUCUCCCCUGCCACAG,....(((.(((((....((((((((.((..........)).))))))))....))))).))),-22.6,454,5p,known,UGCGGCAGAGCUGGGGUCA,UGUGACUUCUCCCCUGCCACAG,,,,
hsa-miR-6821,chr22,49962866,49962939,+,uc003bjb.4,PIM3,NM_001001852,49960512,49964080,GUGCGUGGUGGCUCGAGGCGGGGGUGGGGGCCUCGCCCUGCUUGGGCCCUCCCUGACCUCUCCGCUCCGCACAG,(((((..((((...(((((((((...(((((((.((...))..)))))))))))).)))).))))..)))))..,-43.9,74,mirtron,novel,GUGCGUGGUGGCUCGAGGCGGGG,UGACCUCUCCGCUCCGCACAG,,,,
hsa-miR-6822,chr3,39138206,39138266,+,uc003cjc.3,TTC21A,NM_145755,39107703,39138900,UGGCCCAGGGAACCAGUUGGGGCUUCCGCUCUGCAGAGGCUCUAACUGGCUUUCCCUGCAG,.....(((((((((((((((((((((.((...)).))))))))))))))..)))))))...,-34.6,556,5p,novel,CAGGGAACCAGUUGGGGCUU,AGGCUCUAACUGGCUUUCCCUGCA,,,,
hsa-miR-6823,chr3,48549961,48550021,-,uc003ctv.4,PFKFB4,NM_004567,48517683,48556890,CAAGGUCAGGGUUGGUAGGGGUUGCUGUUGCUGUGAAAGCUGAGCCUCUCCUUCCCUCCAG,...((..((((..((.(((((((((....)).((....))..)))))))))..))))))..,-21.2,157,5p,novel,UCAGGGUUGGUAGGGGUUGCU,UGAGCCUCUCCUUCCCUCCAG,,,,
hsa-miR-6824,chr3,48633636,48633698,-,uc003cuh.4,SLC26A6,NM_022911,48625724,48635441,GAGGUGUAGGGGAGGUUGGGCCAGGGAUGCCUUCACUGUGUCUCUCUGGUCUUGCCACCCCAG,........((((.(((.((((((((((.((.........)).)))))))))).))).))))..,-30.3,6038,5p,novel,GUAGGGGAGGUUGGGCCAGGGA,UCUCUGGUCUUGCCACCCCAG,,,,
hsa-miR-6825,chr3,127575266,127575331,-,uc062nlu.1,TPRA1,NM_001136053,127573145,127591088,GGGCAUGGGGAGGUGUGGAGUCAGCAUGGGGCUAGGAGGCCCCGCGCUGACCCGCCUUCUCCGCAG,..((..(((((((.((((.((((((.(((((((....))))))).)))))))))))))))))))..,-43.3,137,5p,novel,UGGGGAGGUGUGGAGUCAGCAU,GCGCUGACCCGCCUUCUCCGCA,,,,
hsa-miR-6826,chr3,129272146,129272243,+,uc003els.4,COPG1,NM_016128,129249605,129277773,CUUGGUCAAUAGGAAAGAGGUGGGACCUCCUGGCUUUUCCUCUGCAGCAUGGCUCGGACCUAGUGCAAUGUUUAAGCUCCCCUCUCUUUCCUGUUCAG,.......(((((((((((((.((((.......((((......((((....((......))...))))......)))))))).)))))))))))))...,-30.61,334,5p,novel,UCAAUAGGAAAGAGGUGGGACCU,CUCCCCUCUCUUUCCUGUUCAG,,,,
hsa-miR-6827,chr3,134367804,134367862,-,uc003eqg.3,AMOTL2,NM_016201,134355873,134374594,UCUGGUGGGAGCCAUGAGGGUCUGUGCUGUCUCUGAGCACCGUCUCUUCUGUUCCCCAG,.(((..((((((...(((((...(((((.......)))))...)))))..))))))))),-20.9,2896,5p,novel,UGGGAGCCAUGAGGGUCUGUGC,ACCGUCUCUUCUGUUCCCCAG,,,,
hsa-miR-6828,chr3,170423103,170423162,+,uc003fgx.4,CLDN11,NM_005602,170418864,170434099,GGCUCAGGAAGCAAGAGAACCCUGUGGUCUAACCUUUCCCAUCUGCUCUCUUGUUCCCAG,......((.(((((((((.....((((...........))))....))))))))).))..,-16.1,3870,5p,novel,AGGAAGCAAGAGAACCCUGUGG,AUCUGCUCUCUUGUUCCCAG,,,,
hsa-miR-6829,chr3,195882329,195882395,-,uc003fvu.2,TNK2,NM_005781,195863363,195909084,CAGCGUGGGCUGCUGAGAAGGGGCAGGGUCCUCCAGCUCAUUCCUCCUGCCUCCUCCGUGGCCUCAG,.....((((((((.(((..(((((((((................)))))))))))).)))))).)).,-26.99,828,5p,novel,UGGGCUGCUGAGAAGGGGCA,UGCCUCCUCCGUGGCCUCAG,,,,
hsa-miR-6830,chr5,132217849,132217918,-,uc003kwg.4,P4HA2,NM_001017973,132217222,132277600,GUGCCCCAAGGAAGGAGGCUGGACAUCCCUCAUCUGUUUCUCACUGGUGUCUUUCUUCUCUCCCUUGCAG,......(((((.((((((..(((((((..................)))))))..)))).)).)))))...,-18.97,696,5p,novel,CCAAGGAAGGAGGCUGGACAUC,UGUCUUUCUUCUCUCCCUUGCAG,,,,
hsa-miR-6831,chr5,140563671,140563751,-,uc063hvr.1,APBB3,NM_133173,140558271,140564689,GUAGGUAGAGUGUGAGGAGGAGGUCUGAGCCCAUGUGUGGACCUAGGUCUGCUGUUAAACUGACUAACUCCCACUCUACAG,....((((((((...((((..((((...........((((((....)))))).........))))..))))))))))))..,-30.65,81,mirtron,novel,UAGGUAGAGUGUGAGGAGGAGGUC,UGACUAACUCCCACUCUACAG,,,,
hsa-miR-6832,chr6,31633787,31633858,+,uc003nvb.5,PRRC2A,NM_080686,31620719,31637771,GGUGGAGUAGAGAGGAAAAGUUAGGGUCAGUGGCAGAGCCAGGCAGAUGCUGACCCUUUUUCUCUUUCCCAG,..(((...((((((((((....(((((((((.((........))....))))))))))))))))))).))).,-27.3,211,5p,novel,AGUAGAGAGGAAAAGUUAGGGUC,ACCCUUUUUCUCUUUCCCAG,,,,
hsa-miR-6833,chr6,32179816,32179876,+,uc003oaj.5,RNF5,NM_006913,32178353,32180793,AAACGGUGUGGAAGAUGGGAGGAGAAAAAUCCCUGUUAACUUUCUCUCUCCACUUCCUCAG,......((.(((((.(((..(((((((.............)))))))..)))))))).)).,-21.02,113,5p,novel,GUGUGGAAGAUGGGAGGAGAAA,UUUCUCUCUCCACUUCCUCAG,,,,
hsa-miR-6834,chr6,33290245,33290325,+,uc010jup.3,PFDN6,NM_001265596,33289301,33290933,GUGAGGGACUGGGAUUUGUGGGGCGAGGAGGGACCUGUACUAGCCAUGGUUCUGAUCACAUAUGUCCCAUCCCUCCAUCAG,..((((((.((((((.((((....((...((((((((.......)).))))))..)).)))).))))))))))))......,-31.5,81,mirtron,novel,GUGAGGGACUGGGAUUUGUGG,UAUGUCCCAUCCCUCCAUCA,,,,
hsa-miR-6835,chr6,34240673,34240736,+,uc003oit.4,HMGA1,NM_145899,34236872,34246231,UGAUGAGGGGGUAGAAAGUGGCUGAAGCGAGAUGUUUGUCUAAAAGCACUUUUCUGUCUCCCAG,......((((((((((((..(((......((((....))))...)))..))))))).)))))..,-20.4,3419,5p,novel,AGGGGGUAGAAAGUGGCUGAAG,AAAAGCACUUUUCUGUCUCCCAG,,,,
hsa-miR-6836,chr7,2257515,2257577,-,uc003slw.3,SNX8,NM_013321,2251769,2314464,GGCUCCGCAGGGCCCUGGCGCAGGCAUCCAGACAGCGGGCGAAUGCCUCCCCCGGCCCCGCAG,......((.(((((..((...((((((((........))...)))))).))..))))).))..,-24.1,220,5p,novel,CGCAGGGCCCUGGCGCAGGCAU,AUGCCUCCCCCGGCCCCGCAG,,,,
hsa-miR-6837,chr7,44051766,44051829,+,uc003tjq.5,DBNL,NM_001122956,44044710,44061637,GUGGGACCAGGGCCAGCAGGGAAUGUCAGGGCCACCCCUGACCUUCACUGUGACUCUGCUGCAG,((((...(((((...((((.(((.(((((((....))))))).))).))))..)))))))))..,-27.7,1549,5p,known,ACCAGGGCCAGCAGGGAAUGU,CCUUCACUGUGACUCUGCUGCAG,,,,
hsa-miR-6838,chr7,44073378,44073433,-,uc003tjt.5,POLM,NM_013284,44072246,44082540,CAGGGAAGCAGCAGUGGCAAGACUCCUAGGUCACGGAAGUCCUGCUUCUGUUGCAG,.......(((((((.((((.((((((........))).))).)))).)))))))..,-24.5,247,5p,novel,AAGCAGCAGUGGCAAGACUCCU,AAGUCCUGCUUCUGUUGCAG,,,,
hsa-miR-6841,chr8,24953796,24953867,-,uc033bfe.2,NEFL,NM_006158,24950954,24957110,GUGUUUAGGGUACUCAGAGCAAGUUGUGAAACACAGGUGUUUUUUAACCUCACCUUGCAUCUGCAUCCCCAG,.......(((....(((((((((..((((......(((........)))))))))))).))))....)))..,-19.9,385,5p,novel,UAGGGUACUCAGAGCAAGUUGU,ACCUUGCAUCUGCAUCCCCAG,,,,
hsa-miR-6842,chr8,27433370,27433434,+,uc003xfn.3,PTK2B,NM_173174,27311481,27459390,AGCCCUGGGGGUGGUCUCUAGCCAAGGCUCUGGGGUCUCACCCUUGGCUGGUCUCUGCUCCGCAG,....((((((((((...((((((((((...(((....))).))))))))))...))))))).))),-30.6,1073,5p,novel,UGGGGGUGGUCUCUAGCCAAGG,UUGGCUGGUCUCUGCUCCGCAG,,,,
hsa-miR-6845,chr8,143837756,143837816,-,uc011lkt.3,NRBP2,NM_178564,143833720,143840974,AACUGCGGGGCCAGAGCAGAGAGCCCUUGCACACCACCAGCCUCUCCUCCCUGUGCCCCAG,......((((((((((.((((.((...((.....))...)))))).)))..)).)))))..,-21,924,5p,novel,CGGGGCCAGAGCAGAGAGC,CCUCUCCUCCCUGUGCCCCAG,,,,
hsa-miR-6846,chr8,144057321,144057380,-,uc033cce.2,OPLAH,NM_017570,144051265,144060703,CAGGCUGGGGGCUGGAUGGGGUAGAGUAGGAGAGCCCACUGACCCCUUCUGUCUCCCUAG,......(((((.((((.(((((..(((.((....)).))).))))).)))).)))))...,-25.4,127,5p,novel,UGGGGGCUGGAUGGGGUAGAGU,UGACCCCUUCUGUCUCCCUAG,,,,
hsa-miR-6847,chr8,144079874,144079942,+,uc003zau.4,EXOSC4,NM_019037,144078625,144080647,GACCCACAGAGGACAGUGGAGUGUGAGCUGGAAGGAGUGGGCCUGGCUCAUGUGUCUGUCCUCUUCCAG,.......(((((((((....(((((((((...(((......))))))))))))..))))))))).....,-25.7,1043,5p,novel,ACAGAGGACAGUGGAGUGUGAGC,GGCUCAUGUGUCUGUCCUCUUC,,,,
hsa-miR-6848,chr8,144317246,144317315,-,uc003zbv.5,DGAT1,NM_012079,144314583,144326910,GUCCCUGGGGGCUGGGAUGGGCCAUGGUGUGCUCUGAUCCCCCUGUGGUCUCUUGGCCCCCAG,((.(((((((((..(((..((((((((...............)))))))))))..))))))))).))...,-37.76,80,5p,novel,UGGGGGCUGGGAUGGGCCAUGGU,GUGGUCUCUUGGCCCCCAG,,,,
hsa-miR-6849,chr8,144400277,144400345,-,uc003zcj.3,CPSF1,NM_013291,144393230,144409349,CCUGGGAGUGGAUAGGGGAGUGUGUGGAGAGAGCACUGAGCCUGCCCACCAGCCUGUGUCCACCUCCAG,.((((..(((((((.(((..((.((((..((.((.....))))..)))))).))).)))))))..)))),-34.8,77,5p,novel,GAGUGGAUAGGGGAGUGUGUGGA,ACCAGCCUGUGUCCACCUCCAG,,,,
hsa-miR-6850,chr8,144791931,144791991,-,uc003zec.4,RPL8,NM_000973,144789769,144792587,GUGCGGAACGCUGGCCGGGGCGGGAGGGGAAGGGACGCCCGGCCGGAACGCCGCACUCACG,((((((....((((((.(((((.............)))))))))))....)))))).....,-34.62,77,3p,novel,GUGCGGAACGCUGGCCGGGGCG,CCCGGCCGGAACGCCGCACU,,,,
hsa-miR-6851,chr9,33467869,33467935,-,uc003zsz.4,NOL6,NM_022917,33461451,33473930,CAGGGAGGAGGUGGUACUAGGGGCCAGCAACCUGAUUACCCCUCUUUGGCCCUUUGUACCCCUCCAG,......(((((.(((((.(((((((((..................))))))))).))))))))))..,-32.17,161,5p,novel,AGGAGGUGGUACUAGGGGCCAGC,UGGCCCUUUGUACCCCUCCAG,,,,
hsa-miR-6852,chr9,35710676,35710741,-,uc003zxt.3,TLN1,NM_006289,35696947,35732395,UGCUGCCCUGGGGUUCUGAGGACAUGCUCUGACUCCCCUGAUGUCCUCUGUUCCUCAG,..(((((((((((....((((((((...............))))))))....))))))).)).)).,-26.96,113,5p,novel,CCCUGGGGUUCUGAGGACAUG,UGUCCUCUGUUCCUCAG,,,,
hsa-miR-6853,chr9,35732922,35732995,+,uc003zxv.4,CREB3,NM_006368,35732334,35737004,GGGAAAGCGUGGGAUGUCCAUGAAGUCAGGUGAUGGUGAUAAGGUCAAGGCCUGUUCAUUGGAACCCUGCGCAG,......(((..((...((((((((..(((((..(((........)))..)))))))))).)))..))..)))..,-27,94,5p,novel,AGCGUGGGAUGUCCAUGAAGUCAG,UGUUCAUUGGAACCCUGCGCAG,,,,
hsa-miR-6854,chr9,98229149,98229217,-,uc011lvb.3,TBC1D2,NM_001267571,98198998,98255721,AAAGCAAGCUCAGGUUUGAGAACUGCUGAUGUCAUCAGUCAUAACUUCUGCGUUUCUCCUCUUGAGCAG,.......(((((((...(((((.(((.((.((.((.....)).)).)).))).)))))..)))))))..,-20.9,4267,5p,novel,AAGCUCAGGUUUGAGAACUGCUGA,UGCGUUUCUCCUCUUGAGCAG,,,,
hsa-miR-6855,chr9,129869605,129869671,+,uc004bys.4,USP20,NM_006676,129835445,129881838,GCUGCUUGGGGUUUGGGGUGCAGACAUUGCCAGAGGAUGGGCAGCAGACUGACCUUCAACCCCACAG,.(((..(((((((..((((.(((...(((((........)))))....)))))))..)))))))))),-27.4,246,5p,novel,UUGGGGUUUGGGGUGCAGACAUUGC,AGACUGACCUUCAACCCCACAG,,,,
hsa-miR-6856,chr9,130626297,130626363,+,uc004bzr.2,FUBP3,NM_003934,130579605,130638352,UGGAAAAGAGAGGAGCAGUGGUGCUGUGGCAGUGGCAGAGGUCGCUACAGCCCUGUGAUCUUUCCAG,((((...((((...(((..((.((((((((...(((....))))))))))))))))..)))))))).,-25.2,2652,5p,known,AAGAGAGGAGCAGUGGUGCUGUGG,UACAGCCCUGUGAUCUUUCCAG,,,,
hsa-miR-6857,chrX,53405673,53405765,-,uc004dsg.4,SMC1A,NM_006306,53374148,53422728,GCUUGUUGGGGAUUGGGUCAGGCCAGUGUUCAAGGGCCCCUCCUCUAGUACUCCCUGUUUGUGUUCUGCCACUGACUGAGCUUCUCCCCACAG,...((.((((((..((.((((..(((((....(((((........(((......))).....)))))..))))).)))).))..)))))))).,-29.12,98,5p,novel,UUGGGGAUUGGGUCAGGCCAGU,UGACUGAGCUUCUCCCCACAG,,,,
hsa-miR-6858,chrX,154450320,154450386,+,uc004fll.4,FAM50A,NM_004699,154444125,154450654,GUGAGGAGGGGCUGGCAGGGACCCCUCCAAGUUGGGGACGGCAGCCAGCCCCUGCUCACCCCUCGCC,(((((.((((((((((..(((....)))..((((....)))).)))))))))).)))))........,-42.1,104,3p,novel,GUGAGGAGGGGCUGGCAGGGAC,CAGCCAGCCCCUGCUCACCCCU,,,,
hsa-miR-6861,chr12,112163258,112163321,-,uc058tks.2,HECTD4,NM_001109662,112160189,112382439,GAGGCACUGGGUAGGUGGGGCUCCAGGGCUCCUGACACCUGGACCUCUCCUCCCCAG,..(((.(((((.(((.((((.((((((..........)))))))))).))).))))))))....,-37,277,5p,novel,ACUGGGUAGGUGGGGCUCCAGG,UGGACCUCUCCUCCCCAG,,,,
hsa-miR-6862,chr16,28390982,28391051,-,uc002dpi.6,EIF3CL,NM_001317857,28379580,28403879,CGAAGCGGGCAUGCUGGGAGAGACUUUGUGAUUUGUCUCCAAAGCCUCACCCAGCUCUCUGGCCCUCUAG,...((.((((..((((((.(((.(((((.((......))))))).))).))))))......)))).))..,-30.8,770,5p,novel,CGGGCAUGCUGGGAGAGACUUU,CCUCACCCAGCUCUCUGGCCCUCU,,,,
hsa-miR-6864,chr17,4969702,4969771,-,uc002gah.3,CAMTA2,NM_015099,4967997,4987652,GAAAGUUGAAGGGACAAGUCAGAUAUGCCAUUAUGUGGGUCAUGAGGUGGUGAGACUUCUCUCCCUUCAG,......((((((((.(((((.....((((.(((((.....)))))))))....)))))...)))))))).,-23.2,200,5p,novel,UUGAAGGGACAAGUCAGAUAUGCC,GUGAGACUUCUCUCCCUUCAG,,,,
hsa-miR-6865,chr17,4970086,4970150,-,uc002gah.3,CAMTA2,NM_015099,4967997,4987652,AUCCAUAGGUGGCAGAGGAGGGACUUCAGAUGCUUCAUGACACCCUCUUUCCCUACCGCCUACAG,.....(((((((.(((((((((...(((((....)).)))..)))))))...)).)))))))...,-23,254,5p,novel,UAGGUGGCAGAGGAGGGACUUCA,ACACCCUCUUUCCCUACCGCC,,,,
hsa-miR-6866,chr17,40161933,40162001,+,uc002hue.4,CASC3,NM_007359,40140322,40172183,CCAUUUUAGAGGCUGGAAUAGAGAUUCUUGAGGCUUGGAAGAGUAAGGAUCCCUUUAUCUGUCCUCUAG,......((((((.((((..((.((((((((...((....))..)))))))).))...)))).)))))).,-19.9,90,5p,novel,UUAGAGGCUGGAAUAGAGAUUCU,GAUCCCUUUAUCUGUCCUCUAG,,,,
hsa-miR-6867,chr17,40193597,40193663,+,uc032fib.2,RAPGEFL1,NM_016339,40177861,40195654,CCCGGUGUGUGUGUAGAGGAAGAAGGGAAGCUGGGAACCUGACUGCCUCUCCCUCUUUACCCACUAG,...((((.(((...(((((.((.(((..((..((....))..)).))))).))))).))).))))..,-21.4,246,5p,novel,UGUGUGUGUAGAGGAAGAAGGGA,CUCUCCCUCUUUACCCACUAG,,,,
hsa-miR-6868,chr17,76098019,76098076,-,uc002jqr.5,EXOC7,NM_015219,76081016,76103695,CCAGGACUGGCAGAACACUGAAGCAGCAGGCACCUGCUUCCUUCUGUUGUCUGUGCAG,......((((((((..((.((((.(((((....)))))..)))).))..))))).))),-20.5,3252,5p,novel,ACUGGCAGAACACUGAAGCAGC,UUCCUUCUGUUGUCUGUGCAG,,,,
hsa-miR-6869,chr20,1392900,1392961,-,uc002wey.4,FKBP1A,NM_000801,1368977,1393162,GUGAGUAGUGGCGCGCGGCGGCUCGGAGUACCUCUGCCGCCGCGCGCAUCGGCUCAGCAUGC,.(((((....((((((((((((..((((...))))))))))))))))....)))))......,-39.6,80,3p,novel,GUGAGUAGUGGCGCGCGGCGGC,CGCCGCGCGCAUCGGCUCAGC,,,,
hsa-miR-6870,chr20,10649636,10649695,-,uc002wnw.3,JAG1,NM_000214,10637683,10674107,CAAGGUGGGGGAGAUGGGGGUUGAACUUCAUUUCUCAUGCUCAUCCCCAUCUCCUUUCAG,.....(((((((((((((((.(((....(((.....))).)))))))))))))))).)).,-23.5,611,5p,novel,UGGGGGAGAUGGGGGUUGA,GCUCAUCCCCAUCUCCUUUCAG,,,,
hsa-miR-6871,chr20,41169023,41169078,+,uc002xjo.2,PLCG1,NM_002660,41136959,41175721,CUCCUCAUGGGAGUUCGGGGUGGUUGCUGGAGGUCAGCACCCUGUGGCUCCCACAG,.......((((((((((((((....((((.....)))))))))).))))))))...,-25.6,208,5p,novel,CAUGGGAGUUCGGGGUGGUUGC,CAGCACCCUGUGGCUCCCACAG,,,,
hsa-miR-6872,chr3,50273236,50273297,+,uc032rmz.2,SEMA3B,NM_004636,50267607,50277139,GUGGGUCUCGCAUCAGGAGGCAAGGCCAGGACCCGCUGACCCAUGCCUCCUGCCGCGGUCAG,.......((((..(((((((((.((.(((......)))..)).)))))))))..))))....,-27,1817,5p,novel,UCUCGCAUCAGGAGGCAAGG,CCCAUGCCUCCUGCCGCGGUC,,,,
hsa-miR-6873,chr6,33287227,33287289,-,uc003ods.4,WDR46,NM_005452,33279107,33289527,CCCAGCAGAGGGAAUACAGAGGGCAAUCAGGACUGGGUCAUUCUCUCUGUCUUUCUCUCUCAG,......((((((((.((((((((.(((...(((...))))))))))))))..))))))))...,-20.9,128,5p,novel,CAGAGGGAAUACAGAGGGCAAU,UUCUCUCUGUCUUUCUCUCUCAG,,,,
hsa-miR-6874,chr7,5711840,5711910,-,uc003sox.3,RNF216,NM_207111,5622606,5781739,GCCACAUGGAGCUGGAACCAGAUCAGGCUUUAAUGUUUGAAGUAAUGUCAGUUCUGCUGUUCUGACUCUAG,......(((((..(((((((((((((((......))))))............))))..)))))..))))).,-17.9,875,5p,novel,AUGGAGCUGGAACCAGAUCAGGC,CAGUUCUGCUGUUCUGACUCUAG,,,,
hsa-miR-6875,chr7,100868036,100868107,+,uc003uww.4,TRIP6,NM_003302,100867137,100873454,GAGUCUGAGGGACCCAGGACAGGAGAAGGCCUAUGGUGAUUUGCAUUCUUCCUGCCCUGGCUCCAUCCUCAG,....((((((((.(((((.((((((((.((..((....))..)).)))).)))).))))).)))...))))),-29.4,119,5p,novel,UGAGGGACCCAGGACAGGAGA,AUUCUUCCUGCCCUGGCUCCAU,,,,
hsa-miR-6876,chr8,25345402,25345474,+,uc003xeg.4,DOCK5,NM_024940,25184864,25415716,AGUUGCAGGAAGGAGACAGGCAGUUCAGGAGGUGGCACUGCUGUGUGUGAGCUGUCUGUGUUUUCCUUCUCAG,.......((((((((((((((((((((.......((((....)))).))))))))))))...))))))))...,-28.2,2967,5p,novel,CAGGAAGGAGACAGGCAGUUCA,AGCUGUCUGUGUUUUCCUUCUCAG,,,,
hsa-miR-6877,chr9,133051996,133052059,+,uc004cci.5,GTF3C5,NM_012087,133030688,133058503,AGUUCAGGGCCGAAGGGUGGAAGCUGCUGGUGCUCAUCUCAGCCUCUGCCCUUGGCCUCCCCAG,......(((((.(((((..((.((((..(((....))).)))).))..))))))))))......,-30.2,1081,5p,novel,AGGGCCGAAGGGUGGAAGCUGC,CAGCCUCUGCCCUUGGCCUCC,,,,
hsa-miR-6879,chr11,65018505,65018570,+,uc001och.5,ARL2,NM_001667,65014112,65022184,CAGAGCAGGGCAGGGAAGGUGGGAGAGGGGCCCAGCUGACCCUCCUGUCACCCGCUCCUUGCCCAG,.......(((((((((.(((((.((((((..........)))).)).)))))...)))))))))..,-33.8,96,5p,novel,CAGGGCAGGGAAGGUGGGAGAG,UGUCACCCGCUCCUUGCCCAG,,,,
hsa-miR-6880,chr12,124337181,124337242,-,uc058uws.1,NCOR2,NM_006312,124324414,124495252,GAGGGUGGUGGAGGAAGAGGGCAGCUCCCAUGACUGCCUGACCGCCUUCUCUCCUCCCCCAG,..(((.((.((((((((.((((((.((....))))))))......)))).)))).)))))..,-29,2825,5p,novel,UGGUGGAGGAAGAGGGCAGCUC,CCGCCUUCUCUCCUCCCCCAG,,,,
hsa-miR-6881,chr15,74411357,74411432,-,uc002axv.4,SEMA7A,NM_003612,74409288,74434467,UGCACUGGGGUAAGGAUAGGAGGGUCAGGUCUGCAGCCUUGUAUCUGCUGAUCCUCUUUCGUCCUUCCCACUCCAG,....((((((((((((((((((((((((...(((......)))....)))))))))))..))))))...))))))),-32.4,199,5p,novel,UGGGGUAAGGAUAGGAGGGUCA,AUCCUCUUUCGUCCUUCCCACU,,,,
hsa-miR-6882,chr15,74840642,74840707,-,uc059llp.1,ULK3,NM_001284365,74836115,74843197,GGCUUUACAAGUCAGGAGCUGAAGCAGCUGGAAUUCAAGCCCUGCUGCCUCUCCUCUUGCCUGCAG,.........((.((((((..((.(((((.((.........)).))))).))..)))))).))....,-21.5,763,5p,novel,UACAAGUCAGGAGCUGAAGCAG,UGCUGCCUCUCCUCUUGCCUGCAG,,,,
hsa-miR-6883,chr17,8144994,8145071,-,uc002gkd.4,PER1,NM_002616,8140471,8152435,CAGACAGGGAGGGUGUGGUAUGGAUGUGUUGACCCCUGAAGUGGUUCUGAUGACCUUUCCCUAUCUCACUCUCCUCAG,......(((((((((.((((.(((...(((((((........)))).....)))...))).)))).)))))))))...,-25.3,964,5p,novel,AGGGAGGGUGUGGUAUGGAUGU,UUCCCUAUCUCACUCUCCUCAG,,,,
hsa-miR-6884,chr17,40026332,40026409,-,uc002htt.4,MED24,NM_014815,40019101,40054405,CCCGCAGAGGCUGAGAAGGUGAUGUUGGCUCAAGAAAGGGAGAUAGAUGGUAGCCCAUCACCUUUCCGUCUCCCCUAG,......(((((.(((.((((((((..((((.....................))))))))))))))).)))))......,-23.6,315,5p,novel,AGAGGCUGAGAAGGUGAUGUUG,CCCAUCACCUUUCCGUCUCCCCU,,,,
hsa-miR-6885,chr19,6389638,6389703,-,uc002meq.3,GTF2F1,NM_002096,6379568,6393460,CCUGGAGGGGGGCACUGCGCAAGCAAAGCCAGGGACCCUGAGAGGCUUUGCUUCCUGCUCCCCUAG,.....(((((((((......((((((((((.((....))....))))))))))..)))))))))..,-31.6,2264,5p,novel,AGGGGGGCACUGCGCAAGCAAAGCC,CUUUGCUUCCUGCUCCCCUAG,,,,
hsa-miR-6886,chr19,11113474,11113534,+,uc002mqk.5,LDLR,NM_000527,11089361,11132163,CUUGGCCCGCAGGUGAGAUGAGGGCUCCUGGCGCUGAUGCCCUUCUCUCCUCCUGCCUCAG,........(((((.((((.((((((((........)).)))))).))))..))))).....,-25.3,85,5p,novel,CCCGCAGGUGAGAUGAGGGCU,UGCCCUUCUCUCCUCCUGCCU,,,,
hsa-miR-6887,chr19,35122700,35122764,+,uc002nxv.4,FXYD3,NM_005971,35115878,35124324,GAGAAUGGGGGGACAGAUGGAGAGGACACAGGCUGGCACUGAGGUCCCCUCCACUUUCCUCCUAG,.....((((((((.((.(((((.((((.(((.......)))..)))).))))))).)))))))).,-32.2,1519,5p,novel,UGGGGGGACAGAUGGAGAGGACA,UCCCCUCCACUUUCCUCCUAG,,,,
hsa-miR-6888,chr2,159186835,159186901,+,uc002uag.4,TANC1,NM_033394,158968670,159232659,GUGGGAAGGAGAUGCUCAGGCAGAUCUGUCUCUGAUUGUUUCCAAGAUCUGUCUCGAUUGUUUCCAG,.......((((((..((((((((((((.................)))))))))).))..))))))..,-22.33,1002,5p,novel,AAGGAGAUGCUCAGGCAGAU,AUCUGUCUCGAUUGUUUCCAG,,,,
hsa-miR-6889,chr22,41252992,41253050,-,uc003azu.5,RANGAP1,NM_002883,41245610,41286251,CUGUGUCGGGGAGUCUGGGGUCCGGAAUUCUCCAGAGCCUCUGUGCCCCUACUUCCCAG,.......(((((((..((((..((((.(((....)))..))))..)))).)))))))..,-27.2,1316,5p,known,UCGGGGAGUCUGGGGUCCGGAAU,UCUGUGCCCCUACUUCCCAG,,,,
hsa-miR-6890,chr3,49099854,49099914,-,uc003cvx.6,QARS,NM_005051,49095931,49105135,UGGGCCAUGGGGUAGGGCAGAGUAGGGCUGGAUGGUAGGGCCCACUGCCUAUGCCCCACAG,.......(((((((((((((....(((((.........))))).)))))).)))))))...,-28.3,107,5p,novel,CAUGGGGUAGGGCAGAGUAGG,CCACUGCCUAUGCCCCACAG,,,,
hsa-miR-6891,chr6,31355224,31355316,-,uc003nth.3,HLA-B,NM_005514,31353871,31357187,GUAAGGAGGGGGAUGAGGGGUCAUAUCUCUUCUCAGGGAAAGCAGGAGCCCUUCAGCAGGGUCAGGGCCCCUCAUCUUCCCCUCCUUUCCCAG,..((((((((((((((((((((....((((.((.((((...((....)))))).)).))))....)))))))))))..)))))))))......,-48.3,93,3p,novel,UAAGGAGGGGGAUGAGGGG,CCCUCAUCUUCCCCUCCUUUC,,,,
hsa-miR-6892,chr7,143382686,143382800,+,uc003wcx.5,ZYX,NM_003461,143381079,143391111,GUAAGGGACCGGAGAGUAGGAAAAGCAGGGCUCAGGGCCAGAGAGACUGGGCAUAGAACUAAGGAGGAUGGUGUCCUCCUGACUGCAUCUCUCUUCCCUCUCCCACCCCUUGCAG,(((((((...((((((..(((.......(((.....))).((((((....(((........((((((((...))))))))...))).)))))).)))))))))...)))))))..,-48.9,115,mirtron,known,GUAAGGGACCGGAGAGUAGGA,UCCCUCUCCCACCCCUUGCAG,,,,
hsa-miR-6893,chr8,144435551,144435619,-,uc011llg.3,TONSL,NM_013432,144428807,144444444,CCGGGCAGGCAGGUGUAGGGUGGAGCCCACUGUGGCUCCUGACUCAGCCCUGCUGCCUUCACCUGCCAG,...((((((.(((((((((((((((((......)))))).......))))))).))))...))))))..,-37.51,107,5p,novel,CAGGCAGGUGUAGGGUGGAGC,CCCUGCUGCCUUCACCUGCCAG,,,,
hsa-miR-6894,chrX,53198889,53198945,-,uc004drz.4,KDM5C,NM_004187,53192151,53225422,CAAGAAGGAGGAUGGAGAGCUGGGCCAGACAUGCUCUUGCCUGCCCUCUUCCUCCAG,......((((((.((((.((.((((.(((.....))).)))))).))))))))))..,-26.3,88,5p,novel,AGGAGGAUGGAGAGCUGGGCCAGA,UUGCCUGCCCUCUUCCUCCAG,,,,
hsa-miR-6895,chrX,53195411,53195488,-,uc004drz.4,KDM5C,NM_004187,53192151,53225422,CAGCUCAGGGCCAGGCACAGAGUAAGCAUCAAUAGCAUUGGCAAGUUGAACUGAGCUGUCUCUCGCCCUUGGCCUUAG,..(((.(((((.(((.((((....((..(((((.((....))..))))).))...)))).))).))))).))).....,-24.9,505,5p,novel,CAGGGCCAGGCACAGAGUAAG,UGUCUCUCGCCCUUGGCCUUAG,,,,
hsa-miR-7106,chr12,113159113,113159177,-,uc001tup.4,DDX54,NM_024072,113157173,113185479,GCUUCUGGGAGGAGGGGAUCUUGGGAGUGAUCCCAACAGCUGAGCUCCCUGAAUCCCUGUCCCAG,....((((((...((((((...((((((...............))))))...)))))).)))))),-27.96,2157,5p,known,UGGGAGGAGGGGAUCUUGGG,AGCUCCCUGAAUCCCUGUCCCAG,,,,
hsa-miR-7107,chr12,121444273,121444352,-,uc058uhq.1,KDM2B,NM_032590,121429776,121580984,UGCCGUCGGCCUGGGGAGGAGGAAGGGCAAGUCCAAAGGUAUACAGUUGGUCUGUUCAUUCUCUCUUUUUGGCCUACAAG,....((.((((.(((((((((((.((((.((.((((..........)))).)))))).))))).)))))))))).))...,-27,177,5p,known,UCGGCCUGGGGAGGAGGAAGGG,UGGUCUGUUCAUUCUCUCUUUUUGGCC,,,,
hsa-miR-7108,chr19,2434914,2435000,-,uc002lvy.5,LMNB2,NM_032737,2428165,2456996,GUGUGGCCGGCAGGCGGGUGGGCGGGGGCGGCCGGUGGGAACCCCGCCCCGCCCCGCGCCCGCACUCACCCGCCCGUCUCCCCACAG,.(((((..(((.(((((((((((((((((((..((((((...))))))))))))).)))))......))))))).)))...))))).,-60.7,87,mirtron,novel,GUGUGGCCGGCAGGCGGGUGG,ACCCGCCCGUCUCCCCACAG,,,,
hsa-miR-7109,chr22,31621467,31621531,-,uc003alk.3,PISD,NM_014338,31618514,31630824,GUCUCCUGGGGGGAGGAGACCCUGCUCUCCCUGGCAGCAAGCCUCUCCUGCCCUUCCAG,.....((((((((((((((..(((((((....)).))).))..)))))).)))).))))......,-25.6,176,5p,known,CUGGGGGGAGGAGACCCUGCU,CAAGCCUCUCCUGCCCUUCCAG,,,,
hsa-miR-7110,chr3,123161794,123161879,+,uc003egc.3,PDIA5,NM_006810,123067069,123162104,GGGGCUGGGGGUGUGGGGAGAGAGAGUGCACAGCCAGCUCAGGGAUUAAAGCUCUUUCUCUCUCUCUCUCUCCCACUUCCCUGCAG,...((.(((((.((((((((((((((.((.......))..(((((...........)))))))))))))).))))).)))))))..,-38.8,424,5p,novel,UGGGGGUGUGGGGAGAGAGAG,UCUCUCUCCCACUUCCCUGCAG,,,,
hsa-miR-7111,chr6,35470508,35470579,+,uc003okp.2,RPL10A,NM_007104,35468407,35470785,CUGGGGGAGGAAGGACAGGCCAUCUGCUAUUCGUCCACCAACCUGACUUGAUCCUCUCUUCCCUCCUCCCAG,((((((((((.((((.(((..(((.........................)))))).)))).))))).))))),-23.81,228,5p,novel,UGGGGGAGGAAGGACAGGCCAU,AUCCUCUCUUCCCUCCUCCCAG,,,,
hsa-miR-7112,chr8,144262673,144262737,-,uc033ccj.2,BOP1,NM_015201,144262101,144291370,ACGGGCAGGGCAGUGCACCCUGCAGGUGAGAGCGGGAACACCUGCAUCACAGCCUUUGGCCCUAG,..((((.((((.(((.....((((((((..........)))))))).))).))))...))))...,-28.4,180,5p,novel,ACGGGCAGGGCAGUGCACCCUG,UGCAUCACAGCCUUUGGCCCUAG,,,,
hsa-miR-7113,chr11,68032864,68032922,+,uc001onc.4,NDUFS8,NM_002496,68030626,68036644,CUCCAGGGAGACAGUGUGUGAGGCCUCUUGCCAUGGCCUCCCUGCCCGCCUCUCUGCAG,((.(((((((...(((.((((((((.........))))))...)).)))))))))).)),-22.4,586,5p,novel,UCCAGGGAGACAGUGUGUGAG,CCUCCCUGCCCGCCUCUCUGCAG,,,,
hsa-miR-7114,chr9,137450026,137450086,-,uc004cmz.4,NSMF,NM_015537,137447572,137459334,UCCGCUCUGUGGAGUGGGGUGCCUGUCCCCUGCCACUGGGUGACCCACCCCUCUCCACCAG,........((((((.((((((...((((((.......))).))).)))))).))))))...,-31.5,150,5p,known,UCUGUGGAGUGGGGUGCCUGU,UGACCCACCCCUCUCCACCAG,,,,
hsa-miR-937,chr8,143812957,143813042,-,uc003yzo.1,SCRIB,NM_182706,143790919,143815379,GUGAGUCAGGGUGGGGCUGGCCCCCUGCUUCGUGCCCAUCCGCGCUCUGACUCUCUGCCCAC,..(((((((((((.((.(((......((.....))))).)).))))))))))).........,-26.7,68,3p,known,GUGAGUCAGGGUGGGGCUGG,AUCCGCGCUCUGACUCUCUGCC,,,,
hsa-miR-939,chr8,144394149,144394230,-,uc003zcj.3,CPSF1,NM_013291,144393230,144409349,GGCCCUGGGGAGCUGAGGCUCUGGGGGUGGCCGGGGCUGACCCUGGGCCUCUGCUCCCCAG,....(((((((((.(((((.((((((..(((....)))..))))))))))).))))))))),-45.5,73,5p,known,UGGGGAGCUGAGGCUCUGGGGGUG,CCCUGGGCCUCUGCUCCCCAG,,,,
